polymer_name,membrane_type,thickness_um,permeability_LMH_bar,pore_size_nm,MWCO,porosity,surface_charge,hydrophilicity,membrane_area_cm2,baseline_rejection_percent,fouling_coefficient,water_contaminant,water_feed_concentration_mg_L,water_turbidity_NTU,water_TDS_mg_L,water_pH,water_temperature_C,water_viscosity_Pa_s,water_density_kg_m3,op_TMP_bar,op_feed_flow_L_min,op_crossflow_velocity_m_s,op_recovery_percent,op_operating_time_hr,op_temperature_C,op_membrane_area_m2,op_pump_efficiency,op_electricity_price_per_kwh,flux_LMH,initial_flux_LMH,rejection_percent,permeate_mg_L,flux_decline_percent,energy_kWh_m3,cost_per_m3,feasibility_score,flux_model,rejection_model,scientific_note,physics_model,rejection_score,flux_score,fouling_score,energy_score,cost_score,dataset_type
Custom Polymer,MF,225.05043547850565,86.00119407122686,70.03943487687702,9870.64611482113,0.7829356461457292,0.5222794039807059,0.7860643052769538,10000,56.39287027050974,0.07030596099485724,Custom contaminant,377.0900439902554,92.67649888486018,1967.2088482339273,8.93656967962498,23.302425964819932,0.001,1000.0,4.699326691338583,28.174654563775906,0.07317908354313357,67.07233789944365,15.344113379368524,23.302425964819932,7.605068626845201,0.7,8,137.41393381656331,404.1477067859059,56.39287027050974,164.43814467982256,65.99908115045739,0.18648121805944623,1.4918497444755698,65.77632062597728,Permeability model: J = A × TMP,User-provided baseline rejection,Screening-level approximation; requires experimental validation.,simple,59.36091607422078,100.0,0.0,100,100,synthetic_physics
Custom Polymer,RO,183.7177243836355,97.09910441509543,89.41899101089757,77949.1579588393,0.23624709549637732,-0.06655799254593164,0.04380376578722878,10000,57.69904565417064,0.10404209822015592,Custom contaminant,747.314534348739,96.750973243421,1044.8935386006406,6.222758236209213,24.086674338274236,0.001,1000.0,3.951532909868857,7.3661537614381105,0.4809478769636744,22.01820117881631,16.240628875038993,24.086674338274236,4.427803996836074,0.7,8,70.81895065009189,383.690306615042,57.69904565417064,316.1211799946073,81.54267923136645,0.15680686162817792,1.2544548930254233,66.25754313574708,Permeability model: J = A × TMP,User-provided baseline rejection,Screening-level approximation; requires experimental validation.,simple,60.735837530705936,100.0,0.0,100,100,synthetic_physics
Custom Polymer,MF,353.1298999811021,31.924297496822067,83.39372033812491,80574.05357093179,0.37123486532112215,-0.4233437921395118,0.6824955039749755,10000,56.97364893210456,0.0339866893588907,Custom contaminant,17.288647053495456,78.69243775021384,2028.0674841168932,8.23099227175801,33.42187093065904,0.001,1000.0,9.28653235565913,28.868318601691794,0.14839902814638087,13.589755515198009,16.207469602076085,33.42187093065904,4.763852440817012,0.7,8,170.90269834387502,296.46602163592587,56.97364893210456,7.438673976126316,42.353360631070395,0.3685131890114427,2.9481055120915416,65.990291711828,Permeability model: J = A × TMP,User-provided baseline rejection,Screening-level approximation; requires experimental validation.,simple,59.97226203379428,100.0,0.0,100,100,synthetic_physics
Custom Polymer,RO,286.9656921757825,76.73488688418654,63.83711368005849,55581.15036547058,0.4914450125217895,-0.3920998038747756,0.030817834567939406,10000,71.79219772269488,0.03611477755883173,Custom contaminant,414.4433572873898,85.34030732681661,778.4245090094881,4.349816450134396,18.441516760659894,0.001,1000.0,6.013156403780336,33.43390922161786,0.5614618308178656,63.792365682981014,16.111368197693608,18.441516760659894,4.1232299282566975,0.7,8,257.86798748269393,461.418876461006,71.79219772269488,116.90536277505213,44.114122625304844,0.23861731780122467,1.9089385424097973,71.44975705572969,Permeability model: J = A × TMP,User-provided baseline rejection,Screening-level approximation; requires experimental validation.,simple,75.57073444494198,100.0,0.0,100,100,synthetic_physics
Custom Polymer,UF,91.81673075477491,3.248495240252187,9.914738216788534,72374.7553843468,0.42331406117597126,-0.6774564419327964,0.5010447751033635,10000,57.6003739253871,0.10596645438627172,Custom contaminant,451.6947128182904,38.10212260964825,974.3850585288419,7.781695558713331,20.85437831660171,0.001,1000.0,1.9354684024587998,6.7822892039052505,0.9622786879040194,73.14355180307052,16.943117644552615,20.85437831660171,2.732112618449244,0.7,8,1.0440831675822593,6.287359893045916,57.6003739253871,191.5168692337517,83.39393345787222,0.07680430174631646,0.6144344139705317,42.09125969988222,Permeability model: J = A × TMP,User-provided baseline rejection,Screening-level approximation; requires experimental validation.,simple,60.63197255303906,3.4802772252741976,0.0,100,100,synthetic_physics
Custom Polymer,RO,484.8964249003847,78.09633949261367,71.97212872674056,45211.469463306974,0.29056909329161135,-0.8072180756930014,0.9026023965438417,10000,72.74323686269719,0.034342687895308394,Custom contaminant,312.897057909146,57.9219568941896,612.641070523772,9.139685704554253,32.7555858950563,0.001,1000.0,14.445366527828549,22.172558948980083,0.6310357522954188,48.807347668455165,15.77139513653827,32.7555858950563,0.9359987792849019,0.7,8,656.3438367588197,1128.1302484525363,72.74323686269719,85.28560993788513,41.82020758160409,0.57322883092797,4.58583064742376,71.80013989678318,Permeability model: J = A × TMP,User-provided baseline rejection,Screening-level approximation; requires experimental validation.,simple,76.57182827652336,100.0,0.0,100,100,synthetic_physics
Custom Polymer,RO,30.390945192327315,49.905091105207376,33.656260020945744,14880.156792171667,0.17238207740578615,0.1752891443554241,0.1705929685368861,10000,96.16349390700219,0.08925386525655726,Custom contaminant,353.4011064894887,59.091549148141674,166.13122598612273,9.751355279448672,24.46910310828701,0.001,1000.0,15.698157499555666,5.05376999619949,0.4917917475297787,41.80302457658907,22.538921691912098,24.46910310828701,5.760107718523146,0.7,8,104.79232062706902,783.41798019922,96.16349390700219,13.558254983190894,86.62370238165573,0.6229427584172299,4.983542067337839,80.0,Permeability model: J = A × TMP,User-provided baseline rejection,Screening-level approximation; requires experimental validation.,simple,100.0,100.0,0.0,100,100,synthetic_physics
Custom Polymer,UF,242.00980651790738,27.430590646097464,33.82533073691267,52306.90404591801,0.40723802221353267,-0.9567758402393391,0.8262919241943578,10000,94.71842251480436,0.02533611790479856,Custom contaminant,558.4957821036589,10.857574113544356,2049.496269815454,5.68740270303405,29.782679040757053,0.001,1000.0,14.594493362880275,38.66372710396519,0.1166635364963376,73.7008883853206,5.910028786029699,29.782679040757053,0.4703843061441798,0.7,8,344.66259123751536,400.3355731243552,94.71842251480436,29.497387483354167,13.906578786478786,0.5791465624823758,4.633172499859007,85.98968214002808,Permeability model: J = A × TMP,User-provided baseline rejection,Screening-level approximation; requires experimental validation.,simple,99.70360264716248,100.0,30.467106067606075,100,100,synthetic_physics
Custom Polymer,MF,191.751919092595,83.1491845701089,81.01689573436587,32055.319835860177,0.7670295765488215,-0.41816432371976275,0.5150571292317145,10000,62.77265801932338,0.14072631765709967,Custom contaminant,172.96173940619798,4.491061939232899,1361.78147400881,9.954253384335022,36.75031798764742,0.001,1000.0,15.022438785247594,44.64883205304772,0.8945121733008846,43.91437702898368,7.924332718023636,36.75031798764742,7.742923077898781,0.7,8,409.53371741227807,1249.1035352477147,62.77265801932338,64.38905822447204,67.21378926118709,0.5961285237010138,4.76902818960811,68.12676874396124,Permeability model: J = A × TMP,User-provided baseline rejection,Screening-level approximation; requires experimental validation.,simple,66.07648212560355,100.0,0.0,100,100,synthetic_physics
Custom Polymer,NF,334.21401895220293,37.9921151584973,10.352200138090012,74805.56632922808,0.2837223611460053,0.8736263010675585,0.24097057500568475,10000,56.12562082733315,0.12551133745811138,Custom contaminant,161.7514734582491,17.926830815773908,1838.2100954104462,9.247372245024787,15.893039971437197,0.001,1000.0,6.344408723421877,39.0928370738177,0.9721081618003576,42.55558896517567,3.881591309954393,15.893039971437197,0.2379692483111953,0.7,8,148.0823939324373,241.03750683281876,56.12562082733315,70.96745478244779,38.56458445898804,0.2517622511308494,2.014098009046795,65.67786030480696,Permeability model: J = A × TMP,User-provided baseline rejection,Screening-level approximation; requires experimental validation.,simple,59.079600870877,100.0,0.0,100,100,synthetic_physics
Custom Polymer,MF,74.59288671539531,68.08820868767289,13.061417958224581,50879.82819625298,0.5859837049500206,0.16223321844180472,0.19977565166005762,10000,90.12581385649491,0.10873403379429124,Custom contaminant,741.5941638763863,13.105775155731326,458.8860305859994,9.565375306039046,21.92734581474822,0.001,1000.0,6.158784097262608,24.940618222225133,0.6662355706359466,76.67174427852275,7.231486331728293,21.92734581474822,9.255603450189069,0.7,8,191.01935217783353,419.3405768767375,90.12581385649491,73.2263881705245,54.44768221559859,0.24439619453133474,1.955169556250678,78.2042472102876,Permeability model: J = A × TMP,User-provided baseline rejection,Screening-level approximation; requires experimental validation.,simple,94.86927774367886,100.0,0.0,100,100,synthetic_physics
Custom Polymer,MF,22.181150779265593,55.964606190355646,63.76353605642743,11036.791673199952,0.19823771794473888,-0.16177136136739234,0.9662319121431817,10000,79.74252340639521,0.14028836713203063,Custom contaminant,806.317306456841,46.73816015552915,2375.8140028313437,4.107020703861926,13.27431990297205,0.001,1000.0,16.62268657467818,40.04403732793293,0.24031433454676937,44.807719294929015,14.741371786450257,13.27431990297205,8.690615642382511,0.7,8,117.61833166866462,930.2821079775762,79.74252340639521,163.3395396256792,87.35670280444653,0.6596304201577909,5.2770433612623275,74.37882441288244,Permeability model: J = A × TMP,User-provided baseline rejection,Screening-level approximation; requires experimental validation.,simple,83.93949832252126,100.0,0.0,100,100,synthetic_physics
Custom Polymer,RO,212.16006894410336,38.044220297311085,43.162326550977475,65367.13704520743,0.7072434422266275,-0.09220623584740051,0.24783956295135812,10000,61.8094519135793,0.11317207063529973,Custom contaminant,818.4030757896713,10.527807985412496,293.0206851700167,7.56660198253871,14.385197325780949,0.001,1000.0,16.528350971035557,16.206399022279648,0.15243321364143123,74.07278543655876,4.389995484279037,14.385197325780949,2.9187288151455624,0.7,8,382.6043564014279,628.8082254933523,61.8094519135793,312.5526202002004,39.15404714986943,0.6558869438197714,5.247095550558171,67.77190333658184,Permeability model: J = A × TMP,User-provided baseline rejection,Screening-level approximation; requires experimental validation.,simple,65.06258096166242,100.0,0.0,100,100,synthetic_physics
Custom Polymer,NF,85.27056364410873,12.433516302870142,3.0936536173075635,6011.843211843881,0.2222490296550969,-0.8932361347456492,0.5911438161109712,10000,83.96765488729537,0.06207641624064409,Custom contaminant,324.8111859825289,50.45262370222301,2637.514332480365,9.106789760933236,11.304251860383758,0.001,1000.0,3.793668510011177,12.600498684115404,0.2568937000738897,47.842448880707956,10.282167004025018,11.304251860383758,0.5876157872831805,0.7,8,24.914480251685216,47.168639266909054,83.96765488729537,52.07485030138795,47.17998941902092,0.15054240131135366,1.2043392104908293,71.69751867698685,Permeability model: J = A × TMP,User-provided baseline rejection,Screening-level approximation; requires experimental validation.,simple,88.38700514452144,83.04826750561739,0.0,100,100,synthetic_physics
Custom Polymer,MF,266.63894487164225,11.06551838746788,83.51239682506741,5670.205713277874,0.7473893083126435,-0.801773716840249,0.8435749515977528,10000,95.0423918819881,0.14703774868505592,Custom contaminant,804.0056214708576,77.94775407713288,1963.2015003870881,8.673978127468775,14.036566252394412,0.001,1000.0,10.814147111763218,26.19692063933031,0.858996422681332,39.70995241951369,9.549603158358307,14.036566252394412,6.43167638524739,0.7,8,29.386543549056082,119.66414370999856,95.0423918819881,39.85944795931128,75.44248206858586,0.4291328222386721,3.433062577909377,79.48878629088007,Permeability model: J = A × TMP,User-provided baseline rejection,Screening-level approximation; requires experimental validation.,simple,100.0,97.95514516352027,0.0,100,100,synthetic_physics
Custom Polymer,UF,140.56702557541456,14.837072684441729,48.30985012835083,41980.49217519106,0.2627989583702116,-0.264976379769744,0.3663924498262474,10000,66.34202866418602,0.06002229156040469,Custom contaminant,688.8859120013859,29.68764745712853,2851.6879874744873,9.498088117229067,24.427312849002355,0.001,1000.0,6.701551859092839,27.236304701670154,0.8500748838858884,53.94405054200765,19.40320795675632,24.427312849002355,5.373950533050827,0.7,8,31.026543342239677,99.43141203191605,66.34202866418602,231.86502279788724,68.79603466530216,0.26593459779579687,2.127476782366375,69.4418000341738,Permeability model: J = A × TMP,User-provided baseline rejection,Screening-level approximation; requires experimental validation.,simple,69.83371438335371,100.0,0.0,100,100,synthetic_physics
Custom Polymer,RO,151.19625094940625,73.7544230687188,21.038054719446116,69632.41381744057,0.7025033478281258,-0.7357943253969121,0.6143797405419198,10000,54.745277836673736,0.11022876609935689,Custom contaminant,93.64828663528503,93.5939822700626,498.4829971096263,9.753281475454482,34.026525282552896,0.001,1000.0,11.954903688433811,39.3485811268478,0.797163690593255,75.95202971129977,6.454508815220899,34.026525282552896,5.941751364047261,0.7,8,432.8581038057062,881.7270243825341,54.745277836673736,42.38027192751365,50.907923672994706,0.47440094039673547,3.7952075231738838,65.16931288719559,Permeability model: J = A × TMP,User-provided baseline rejection,Screening-level approximation; requires experimental validation.,simple,57.62660824913025,100.0,0.0,100,100,synthetic_physics
Custom Polymer,NF,56.5741068065566,62.000404302388006,17.957839105186093,56712.585841507964,0.5007013598236948,-0.06802969403754533,0.5226317755131228,10000,88.11977716132874,0.12089048389424965,Custom contaminant,497.2316834196748,59.95934415226123,2800.5850835012952,4.718401531006737,13.513106977003314,0.001,1000.0,1.9366384358332145,33.23530096698586,0.4244222177824757,63.07410621063824,16.273938212751926,13.513106977003314,3.403013807449558,0.7,8,16.78910804827665,120.0723660092036,88.11977716132874,59.07223201473379,86.01750876884549,0.0768507316421637,0.6148058531373096,66.45610443300077,Permeability model: J = A × TMP,User-provided baseline rejection,Screening-level approximation; requires experimental validation.,simple,92.75766016981973,55.963693494255494,0.0,100,100,synthetic_physics
Custom Polymer,NF,383.6407520646196,27.782959150107395,37.05500975943335,31786.778030324156,0.21032815403749977,-0.7044332549156167,0.936127463375744,10000,71.85141145621779,0.06058137430272442,Custom contaminant,732.3888515906042,55.29930652528999,2814.8059618315406,8.681808963456353,24.381086923736213,0.001,1000.0,7.651917574920359,49.34494570129178,0.7205826336436071,76.33959950028809,3.2842465646004717,24.381086923736213,8.520283423988747,0.7,8,174.23674221886418,212.5929134040012,71.85141145621779,206.15712437477094,18.042074202279178,0.30364752305721804,2.4291801844577443,73.42949843948527,Permeability model: J = A × TMP,User-provided baseline rejection,Screening-level approximation; requires experimental validation.,simple,75.63306469075557,100.0,9.789628988604115,100,100,synthetic_physics
Custom Polymer,RO,322.16620315569173,13.070246155176145,59.23754199695285,68766.58832799215,0.108611880122022,-0.09136407631650689,0.8253995111963212,10000,64.73841536467009,0.07148947186078991,Custom contaminant,447.8909857972143,30.19273914424916,2763.481496995107,8.687764212589094,13.317652329883316,0.001,1000.0,19.941286225183948,44.080801191079516,0.2910693534853986,67.76724347457036,3.000858998977497,13.317652329883316,9.991136831694963,0.7,8,210.31382149913821,260.63751961397753,64.73841536467009,157.9334590308982,19.307925501045375,0.7913208825848006,6.330567060678405,69.54306963330676,Permeability model: J = A × TMP,User-provided baseline rejection,Screening-level approximation; requires experimental validation.,simple,68.14570038386324,100.0,3.460372494773123,100,100,synthetic_physics
Custom Polymer,MF,328.56125762381055,9.953631971429141,89.8063064907659,3385.4505688447075,0.26857964062880296,-0.71395624966673,0.7767679406922186,10000,59.890390937923605,0.13704254293397836,Custom contaminant,659.7063489342153,3.6162710494696215,115.74651897323133,4.309947502086393,28.177755329431832,0.001,1000.0,16.069339855016423,12.689088210742035,0.8509147544938422,9.29239551149453,19.32265056057939,28.177755329431832,9.285174758705576,0.7,8,11.32287977311696,159.948294940652,59.890390937923605,264.6056375152113,92.92091248780223,0.6376722169790435,5.101377735832348,51.500614016130726,Permeability model: J = A × TMP,User-provided baseline rejection,Screening-level approximation; requires experimental validation.,simple,63.042516776761694,37.74293257705653,0.0,100,100,synthetic_physics
Custom Polymer,NF,388.3331155611465,70.11395761388508,83.96004164688293,4495.054304933109,0.24124747750333878,-0.7501526413887138,0.5045309901929865,10000,87.18488760360935,0.0963517174635778,Custom contaminant,852.6197887643157,15.521299244109088,2230.4011666119686,5.158248945213424,18.12276253953401,0.001,1000.0,14.256113006169818,49.03003446003541,0.6154281699172989,9.08752362434717,14.98326079329702,18.12276253953401,0.5192704606436542,0.7,8,235.95586415416867,999.5525030533463,87.18488760360935,109.26418424401558,76.39384990449314,0.5657187705386789,4.525750164309431,77.12074806448766,Permeability model: J = A × TMP,User-provided baseline rejection,Screening-level approximation; requires experimental validation.,simple,91.77356589853616,100.0,0.0,100,100,synthetic_physics
Custom Polymer,MF,357.69335969930415,18.13965679582782,10.08037957659561,18761.556273591737,0.7860190256879348,-0.08287871508302036,0.784080948341408,10000,81.75677627117807,0.08799990674400242,Custom contaminant,153.6789521183992,94.60244535580951,973.893634292682,7.468103294845253,30.993278337671985,0.001,1000.0,13.054816473857116,47.0891260750804,0.15695460002085743,43.12645538352066,9.994808182408,30.993278337671985,4.794270421877919,0.7,8,98.2696745838738,236.8098903682872,81.75677627117807,28.0359950590687,58.50271522399482,0.5180482731865464,4.144386185492372,75.12091757359191,Permeability model: J = A × TMP,User-provided baseline rejection,Screening-level approximation; requires experimental validation.,simple,86.0597644959769,100.0,0.0,100,100,synthetic_physics
Custom Polymer,RO,68.41658783689486,14.275366377403769,28.52947903234448,30818.108074202715,0.399532249576945,0.22197509407325655,0.634629117418263,10000,70.54936373961996,0.06427355086716108,Custom contaminant,225.45224142999237,58.830624840900825,1019.4186428199898,4.216359005664183,22.552001324705813,0.001,1000.0,9.587826966785371,12.054050542006339,0.5767333537908945,47.43289253239407,16.997051256093727,22.552001324705813,6.514689973791979,0.7,8,45.904761677549864,136.86974271401306,70.54936373961996,66.39711956442088,66.4609863602454,0.38046932438316006,3.0437545950652805,70.99187085143893,Permeability model: J = A × TMP,User-provided baseline rejection,Screening-level approximation; requires experimental validation.,simple,74.26248814696838,100.0,0.0,100,100,synthetic_physics
Custom Polymer,NF,164.94493439378112,78.95578997660944,55.365293976368264,43426.11042039907,0.53820873665874,-0.27868533109949145,0.5127392446067582,10000,86.7616138552628,0.1335284185749376,Custom contaminant,921.8466253222397,50.36329251830992,1608.7978327476503,8.799222464583018,19.43352075232604,0.001,1000.0,16.780170774432356,25.212940679353746,0.1246981570919157,10.404436030470777,20.286840459427385,19.43352075232604,0.6501223773780912,0.7,8,88.25375364150314,1324.8916394377209,86.7616138552628,122.03761592238685,93.33879458406442,0.6658797931689084,5.3270383453512675,76.9648051045705,Permeability model: J = A × TMP,User-provided baseline rejection,Screening-level approximation; requires experimental validation.,simple,91.32801458448715,100.0,0.0,100,100,synthetic_physics
Custom Polymer,NF,147.4996037054914,34.078874009653035,18.126450073967785,31732.39029529793,0.61988479670756,-0.9706343128798585,0.8271734245206864,10000,92.74174637637046,0.05897792811277448,Custom contaminant,162.07677007002846,60.084040794508084,447.0504120081936,6.189516166469515,38.75287542702917,0.001,1000.0,19.910196557156016,38.83313967637469,0.31785189482155857,56.57487868745694,17.0770495888743,38.75287542702917,3.9396327821201327,0.7,8,247.82941061869326,678.5170799787475,92.74174637637046,11.76394303666956,63.474845669845806,0.7900871655985784,6.320697324788627,79.16801182287332,Permeability model: J = A × TMP,User-provided baseline rejection,Screening-level approximation; requires experimental validation.,simple,97.62289092249522,100.0,0.0,100,100,synthetic_physics
Custom Polymer,RO,15.256546038081359,21.696708201621906,52.983741993758855,16793.25477370044,0.21613480751357356,0.6726085811004758,0.9891330026836055,10000,77.74287445861958,0.12666511097784844,Custom contaminant,990.4184476830098,14.15958885687747,1399.9122784376182,6.355436295051519,12.401478509385552,0.001,1000.0,15.15553742133594,22.255172338807057,0.4746336648484973,16.300473035993015,4.751776327425401,12.401478509385552,9.080325859346528,0.7,8,180.12341393786087,328.8252730694872,77.74287445861958,220.43867728579863,45.222150275597194,0.6014102156135067,4.811281724908054,73.64211164264933,Permeability model: J = A × TMP,User-provided baseline rejection,Screening-level approximation; requires experimental validation.,simple,81.83460469328378,100.0,0.0,100,100,synthetic_physics
Custom Polymer,NF,31.878053597396654,24.052376209426917,29.913873701138307,49274.65546895785,0.5105116211103572,-0.013420048298666831,0.08411533455688203,10000,62.15900595738011,0.12732031579056846,Custom contaminant,641.2128134736745,64.91490501342744,2043.5894405189292,8.577418114237174,11.74325445164342,0.001,1000.0,7.4588460216657255,27.436844327822254,0.34507191846435276,68.33591549653899,11.840453951801408,11.74325445164342,7.7094131356478535,0.7,8,39.72990472557517,179.40297060129132,62.15900595738011,242.64130254708854,77.85437744290662,0.2959859534774922,2.3678876278199374,67.90068640535057,Permeability model: J = A × TMP,User-provided baseline rejection,Screening-level approximation; requires experimental validation.,simple,65.43053258671591,100.0,0.0,100,100,synthetic_physics
Custom Polymer,NF,257.347826622714,91.04567214326364,59.12527011316108,85102.29273395531,0.33841355691406705,-0.0023660829370295566,0.5314110410045777,10000,55.23848782321392,0.06279011347172339,Custom contaminant,918.1642958261593,63.08322403647424,614.7690890672058,6.03313381365763,15.748090289880995,0.001,1000.0,0.6914980096117362,46.44556246669731,0.45372525497430277,28.065130431558963,14.56421400160681,15.748090289880995,0.1724131173008548,0.7,8,25.2285834663577,62.95790107082951,55.23848782321392,410.98422307912847,59.92785172749835,0.02744039722876725,0.219523177830138,61.37484138490321,Permeability model: J = A × TMP,User-provided baseline rejection,Screening-level approximation; requires experimental validation.,simple,58.14577665601466,84.09527822119233,0.0,100,100,synthetic_physics
Custom Polymer,RO,146.23083223439878,70.60031310419036,63.74320753385703,98189.69178048227,0.5342503967606309,-0.04498825274453444,0.7614325631840076,10000,95.07606081100624,0.10950091227416098,Custom contaminant,963.5791113138858,78.20051707381772,2613.724170959587,4.684624427101824,31.97240508981363,0.001,1000.0,8.913756250641898,28.102086318152484,0.6575613853875332,77.73613375291771,23.637584913643177,31.97240508981363,2.9534596303302623,0.7,8,47.28973235502579,629.3139822297519,95.07606081100624,47.446049478942165,92.48551062103033,0.35372048641955967,2.8297638913564773,80.0,Permeability model: J = A × TMP,User-provided baseline rejection,Screening-level approximation; requires experimental validation.,simple,100.0,100.0,0.0,100,100,synthetic_physics
Custom Polymer,RO,377.4919335882816,35.30279326999183,13.26310771155788,4574.222548429116,0.644140189270425,-0.020600516366188204,0.9855401694949262,10000,73.20217546406329,0.14679796196570682,Custom contaminant,417.46024217211925,79.36821505599725,345.975889704313,7.3327702608265835,34.06179360957172,0.001,1000.0,18.509093010953794,41.306571440254146,0.046601019929162484,32.952675598005065,1.644414099375505,34.06179360957172,1.1818946820341243,0.7,8,513.283116672575,653.4226841807524,73.20217546406329,111.87026320458098,21.447000678264082,0.734487818482582,5.875902547860656,71.96922253939174,Permeability model: J = A × TMP,User-provided baseline rejection,Screening-level approximation; requires experimental validation.,simple,77.05492154111924,100.0,0.0,100,100,synthetic_physics
Custom Polymer,NF,340.8997580470672,71.61256143485812,77.598347592411,86612.92653153845,0.6176020279335569,0.6017431842132641,0.048963709823279244,10000,61.703304007020805,0.09517517713941064,Custom contaminant,859.5440515785749,0.45001249396591225,1592.4250921374144,8.063724396186384,10.888218673858397,0.001,1000.0,8.14684003955708,44.88610918780115,0.6748966807673001,22.824377252044798,20.540356546349948,10.888218673858397,3.545511091754192,0.7,8,82.596602826113,583.4160828327434,61.703304007020805,329.1769723587831,85.84259069015205,0.32328730341565687,2.586298427325255,67.73279621311292,Permeability model: J = A × TMP,User-provided baseline rejection,Screening-level approximation; requires experimental validation.,simple,64.95084632317979,100.0,0.0,100,100,synthetic_physics
Custom Polymer,RO,156.4823890482637,59.44170483743175,40.297066707035576,27845.092550129168,0.7205902935203085,-0.6248126361210173,0.0848115912357631,10000,67.06215423342846,0.1090576764080273,Custom contaminant,809.3572899165189,99.87433700667648,959.4499653323783,6.447651706787693,14.104638340888789,0.001,1000.0,11.582464206536065,49.881421825882946,0.7038722000194519,49.64096303100288,9.72067368366216,14.104638340888789,9.161457726826992,0.7,8,238.5011768238925,688.4814186550349,67.06215423342846,266.58485585320625,65.35837128476025,0.45962159586516016,3.6769727669212813,69.70710945442102,Permeability model: J = A × TMP,User-provided baseline rejection,Screening-level approximation; requires experimental validation.,simple,70.59174129834574,100.0,0.0,100,100,synthetic_physics
Custom Polymer,RO,253.4891321038712,14.302324417993088,37.17246785671421,7183.083550352806,0.2413853263821471,-0.9646624380001756,0.4532799165001634,10000,81.66355922109469,0.05477740704494162,Custom contaminant,426.17795379022436,95.92092728445759,2280.693052567255,7.245139821669707,18.536226253354755,0.001,1000.0,17.960536615705305,12.519758727152315,0.3320893032115103,73.17986108172114,12.9442382991992,18.536226253354755,7.448947699237969,0.7,8,126.41209954439985,256.8774213990609,81.66355922109469,78.14586810949496,50.78894094470928,0.7127197075426086,5.701757660340869,75.08657444987699,Permeability model: J = A × TMP,User-provided baseline rejection,Screening-level approximation; requires experimental validation.,simple,85.96164128536283,100.0,0.0,100,100,synthetic_physics
Custom Polymer,MF,330.1852124146526,30.63894585996773,24.89583410103963,32587.988543282194,0.20880909485839574,0.7486287305816148,0.2832469332501141,10000,78.0183207812778,0.11983629164549923,Custom contaminant,785.9858682819564,43.83862585841929,1481.1461949015045,9.96821049361015,30.237924309370722,0.001,1000.0,16.329841173734078,45.22514449174236,0.7897139378670458,18.88845087151757,13.711012242832947,30.237924309370722,1.1087521574139945,0.7,8,96.75570138701913,500.3291196239103,78.0183207812778,172.7728922702281,80.66158902369128,0.6480095709046807,5.184076567237446,73.74359186678655,Permeability model: J = A × TMP,User-provided baseline rejection,Screening-level approximation; requires experimental validation.,simple,82.12454819081873,100.0,0.0,100,100,synthetic_physics
Custom Polymer,NF,329.9318420163592,95.57959339059329,51.76047436571102,43580.763040342834,0.12508992599271423,0.9195490446584407,0.10300268413015878,10000,52.049846755911865,0.04067965866821607,Custom contaminant,74.8751295791986,45.51178424117624,1596.6546236456259,5.875419694171503,11.528814477246582,0.001,1000.0,2.4096872913346887,19.840714521506477,0.06992316631827077,57.364229420743506,5.364982725833081,11.528814477246582,3.0905085309580214,0.7,8,185.15821159531373,230.31693150424965,52.049846755911865,35.902739374935294,19.607208038937717,0.09562251163739835,0.7649800930991868,64.56905129218771,Permeability model: J = A × TMP,User-provided baseline rejection,Screening-level approximation; requires experimental validation.,simple,54.78931237464407,100.0,1.9639598053114105,100,100,synthetic_physics
Custom Polymer,UF,214.13872020388246,1.1644100598052527,12.094966728871057,86345.07409221737,0.1008631437583357,0.016334711625750176,0.4895020065072081,10000,66.62139863443083,0.06754241792123519,Custom contaminant,782.7753261513185,84.12037062149564,855.0107759042252,5.9349426458063785,17.27448559084998,0.001,1000.0,9.701295330911089,34.47965952528183,0.23597034670878636,29.805180654115,22.364038513345037,17.27448559084998,0.5808359694848849,0.7,8,2.4941618789659126,11.296285876454599,66.62139863443083,261.2794557040825,77.92051381981562,0.38497203724889384,3.0797762979911507,46.62319404515664,Permeability model: J = A × TMP,User-provided baseline rejection,Screening-level approximation; requires experimental validation.,simple,70.12778803624298,8.313872929886374,0.0,100,100,synthetic_physics
Custom Polymer,UF,235.77710656738745,71.44424611808101,15.894947144189933,5213.714990545444,0.19674376014697154,0.8376463870613657,0.009259781821123414,10000,59.39726654308646,0.00953610937073846,Custom contaminant,119.52317288658124,62.014928662829625,800.7528353433488,7.415272302584061,27.705861482983785,0.001,1000.0,17.018819595177625,1.232328252681822,0.8548357647489431,51.43393148202305,4.324471923466503,27.705861482983785,7.752080142539311,0.7,8,1166.7746369305307,1215.89673579709,59.39726654308646,48.52967530638453,4.039989369192353,0.6753499844759001,5.402799875807201,82.84321409405003,Permeability model: J = A × TMP,User-provided baseline rejection,Screening-level approximation; requires experimental validation.,simple,62.5234384664068,100.0,79.80005315403822,100,100,synthetic_physics
Custom Polymer,RO,134.58910703953708,91.9605744093654,45.99128559956712,60540.73320616549,0.7892546735323506,-0.2769278427216013,0.8131593458201128,10000,65.88811597964013,0.12088596072501619,Custom contaminant,604.7265796740161,21.635569522540145,1300.6756719887856,5.90581380618137,12.343251792410916,0.001,1000.0,0.7907284479740102,17.977454114951865,0.028843806339311717,17.411581818633127,17.541808039995416,12.343251792410916,7.1101032332675205,0.7,8,8.723329217582819,72.71584227751599,65.88811597964013,206.28362949868944,88.003536857497,0.03137811303994417,0.2510249043195534,51.54401005978292,Permeability model: J = A × TMP,User-provided baseline rejection,Screening-level approximation; requires experimental validation.,simple,69.35591155751592,29.077764058609397,0.0,100,100,synthetic_physics
Custom Polymer,RO,371.9043893641175,32.39816394186789,89.11192625465185,59586.139528830536,0.1882184392226386,-0.7125626770889317,0.6930954269297015,10000,58.629902428459694,0.07855744172939629,Custom contaminant,991.8567311694236,0.4007604733339498,148.08142550291507,9.958507491583038,27.539165024024964,0.001,1000.0,2.7128175152665603,44.96780778795059,0.8815764971264153,45.215030983353145,15.11211270172778,27.539165024024964,2.804553195858676,0.7,8,26.813905317621,87.89030660397673,58.629902428459694,410.3320974546808,69.4916238733342,0.10765148878717518,0.8612119102974014,63.94541146639739,Permeability model: J = A × TMP,User-provided baseline rejection,Screening-level approximation; requires experimental validation.,simple,61.715686766799685,89.37968439207,0.0,100,100,synthetic_physics
Custom Polymer,NF,301.33812835652355,30.180764127073537,66.69848361937484,83706.39509583883,0.11271238074005485,0.19142754937145479,0.23128053968685225,10000,93.6070360453997,0.04178135345146512,Custom contaminant,614.6624319030641,55.354084008961145,1248.882850171822,8.065724581598765,31.773089041463017,0.001,1000.0,11.42536834732386,38.16268962205295,0.9835829052330082,36.44542909256039,12.592701719309975,31.773089041463017,0.22345179161801104,0.7,8,203.75144157096824,344.8263471555134,93.6070360453997,39.29514771403254,40.911869626053175,0.45338763319302205,3.6271010655441764,79.4868027535683,Permeability model: J = A × TMP,User-provided baseline rejection,Screening-level approximation; requires experimental validation.,simple,98.53372215305231,100.0,0.0,100,100,synthetic_physics
Custom Polymer,MF,400.0539925920854,52.50277663755339,41.388181605695955,9860.160327394882,0.7227594951727782,-0.20998551991888714,0.6825815982092204,10000,57.45377040277072,0.1444246962834497,Custom contaminant,186.6573442036126,19.954199289949038,2591.05029561737,9.475496464851588,16.364422225699045,0.001,1000.0,9.502057585861593,36.941250323578664,0.8795820764726936,33.42895212779789,12.649957940961587,16.364422225699045,7.442992464145376,0.7,8,80.2709739947243,498.884407027661,57.45377040277072,79.41566222495956,83.90990520770603,0.37706577751838255,3.0165262201470604,66.16717856944184,Permeability model: J = A × TMP,User-provided baseline rejection,Screening-level approximation; requires experimental validation.,simple,60.47765305554813,100.0,0.0,100,100,synthetic_physics
Custom Polymer,NF,393.6504637127816,57.42344804551111,11.356894583672746,90445.34244236498,0.7059007775247198,0.5961948716366661,0.09986247716072949,10000,60.19942861736332,0.11282205294060953,Custom contaminant,32.90869363612697,97.92246337072797,1193.719573031474,8.315875202144941,36.6271326546413,0.001,1000.0,8.01367178537163,16.637491941383637,0.6126537176092642,48.574203031103806,10.114789474182732,36.6271326546413,6.057570083090313,0.7,8,146.99968811723082,460.17266542106603,60.19942861736332,13.097848101739931,68.05553672278131,0.31800284888026065,2.544022791042085,67.17873685902859,Permeability model: J = A × TMP,User-provided baseline rejection,Screening-level approximation; requires experimental validation.,simple,63.36781959722454,100.0,0.0,100,100,synthetic_physics
Custom Polymer,NF,468.33687108758244,47.29638540603305,20.4774758943125,38031.995296858884,0.3758748878151831,-0.7377826139475603,0.1628715005545549,10000,84.15964746234451,0.05422427436029088,Custom contaminant,955.3494079372496,24.35967453586074,386.8810648039847,8.521027378001548,36.4310815575361,0.001,1000.0,5.70664446605546,10.90231698062842,0.1939084735223763,44.15092260248842,11.507791069299117,36.4310815575361,2.668454414559889,0.7,8,144.6133234645391,269.90365604176475,84.15964746234451,151.3307141836648,46.42039104421701,0.2264541456595546,1.8116331652764368,76.00618590717956,Permeability model: J = A × TMP,User-provided baseline rejection,Screening-level approximation; requires experimental validation.,simple,88.5891025919416,100.0,0.0,100,100,synthetic_physics
Custom Polymer,MF,245.93075675987754,95.97390241592522,65.59940087451366,49802.90238454753,0.1774844518207313,-0.49512741890082546,0.2947739495745427,10000,88.16369727510099,0.13212306560336978,Custom contaminant,902.625435030774,98.45686082507541,2948.8633810031442,9.717994796607888,12.15466421508653,0.001,1000.0,2.928312011370543,15.918859797325611,0.5573692715238169,12.273341652910947,20.376228508350348,12.15466421508653,6.20588617286536,0.7,8,19.03601441294568,281.04153122265825,88.16369727510099,106.83747896217912,93.22661873847244,0.11620285768703148,0.9296228614962518,68.34470749810598,Permeability model: J = A × TMP,User-provided baseline rejection,Screening-level approximation; requires experimental validation.,simple,92.80389186852736,63.453381376485595,0.0,100,100,synthetic_physics
Custom Polymer,MF,275.75855712808044,17.365821013361824,26.072291965619538,16451.046485734674,0.6963532104563591,0.16845572012243637,0.7351294275196334,10000,64.77203985921028,0.05883163237780018,Custom contaminant,410.80641478226846,76.00149717440348,2339.8236642562474,5.24088116508419,38.246165702142974,0.001,1000.0,2.5889756813849907,44.90998203875789,0.1093916891933112,24.840485836348332,20.39224559759699,38.246165702142974,1.876971516226266,0.7,8,13.545537755797778,44.95968829087822,64.77203985921028,144.7187200553048,69.87181568483871,0.10273713029587982,0.8218970423670385,55.15133123585632,Permeability model: J = A × TMP,User-provided baseline rejection,Screening-level approximation; requires experimental validation.,simple,68.1810945886424,45.15179251932592,0.0,100,100,synthetic_physics
Custom Polymer,NF,230.43105697262183,25.280638329297755,71.31427493226266,85207.79761551927,0.7122025978989003,-0.3213557085268781,0.5308503942878144,10000,62.39547955289601,0.040495492724771084,Custom contaminant,169.64152222340488,94.00190108075147,2675.167602956182,8.664152279966153,25.52984563863187,0.001,1000.0,9.914036727135063,26.957537642942402,0.5412023334413184,37.59223135232678,3.5962385729635855,25.52984563863187,1.3440721433985063,0.7,8,216.66642753233037,250.63317688207633,62.39547955289601,63.792880911278736,13.552375536351047,0.3934141561534243,3.1473132492273943,74.43543271997906,Permeability model: J = A × TMP,User-provided baseline rejection,Screening-level approximation; requires experimental validation.,simple,65.67945216094317,100.0,32.23812231824476,100,100,synthetic_physics
Custom Polymer,UF,476.6023607643848,48.7210451990487,95.3673469656137,16775.899332155943,0.4880915864279536,-0.5845654932969215,0.25318460612660154,10000,51.49972348018282,0.02224823005733064,Custom contaminant,917.6799235529038,32.153299148233174,1863.5747145523155,6.790084791935638,22.01353735735835,0.001,1000.0,10.73134460865215,10.174708286151734,0.9887178595343807,66.37309015278973,17.92794386919061,22.01353735735835,4.740717040438129,0.7,8,350.869696151117,522.842325724709,51.49972348018282,445.0773004900052,32.891872197841224,0.42584700862052477,3.406776068964198,63.9735823348042,Permeability model: J = A × TMP,User-provided baseline rejection,Screening-level approximation; requires experimental validation.,simple,54.21023524229771,100.0,0.0,100,100,synthetic_physics
Custom Polymer,RO,461.12627055404823,34.79731967079103,5.960562279996443,34569.16584265755,0.656119921347119,0.24541748997641633,0.7508385847448596,10000,89.60240565473264,0.035733418606678675,Custom contaminant,924.5454829322484,43.79896029203726,1953.1395828660773,4.013852635520452,39.80105495233534,0.001,1000.0,5.761748442090272,4.041092220467606,0.4636794211211488,14.677254288653131,4.079677688703029,39.80105495233534,6.35959984899908,0.7,8,173.29589511364753,200.49340240209742,89.60240565473264,96.13048885278835,13.565287916010426,0.22864081137697106,1.8291264910157685,84.44612469362791,Permeability model: J = A × TMP,User-provided baseline rejection,Screening-level approximation; requires experimental validation.,simple,94.31832174182382,100.0,32.17356041994787,100,100,synthetic_physics
Custom Polymer,MF,202.5344218694143,92.26339256534452,32.59649296619894,72754.92277419816,0.4227696011084354,0.3199026022585576,0.5996953567159904,10000,73.59192024067401,0.14275885872054336,Custom contaminant,349.2865063274063,17.723550124927257,2066.4727765515017,9.076045367847453,11.207612198197713,0.001,1000.0,9.102727230769075,44.73189679467899,0.7521224327336389,79.38557873732212,12.988224572535229,11.207612198197713,6.633957616131397,0.7,8,131.5040167494209,839.8484959076985,73.59192024067401,92.23985917950466,84.34193579077701,0.3612193348433038,2.8897546787464305,72.11281272024831,Permeability model: J = A × TMP,User-provided baseline rejection,Screening-level approximation; requires experimental validation.,simple,77.46517920070949,100.0,0.0,100,100,synthetic_physics
Custom Polymer,MF,474.29244383633625,37.26721336709709,74.11256055597623,40612.45030984865,0.4932732510440996,0.4395650700430924,0.5089341517513543,10000,95.26360771278448,0.06579864324953248,Custom contaminant,650.6010801618919,34.23624333000541,1283.6543378699378,6.640300649401315,13.774210549368558,0.001,1000.0,2.016128845368333,33.70700623419114,0.6589625609596218,54.718228565757144,0.9645114655532543,13.774210549368558,3.3328137424506212,0.7,8,70.51529633898231,75.13550385590077,95.26360771278448,30.8150193813287,6.149166878256862,0.08000511297544588,0.640040903803567,93.85083312174314,Permeability model: J = A × TMP,User-provided baseline rejection,Screening-level approximation; requires experimental validation.,simple,100.0,100.0,69.2541656087157,100,100,synthetic_physics
Custom Polymer,UF,106.92682515700649,78.03699083185722,86.20240973821689,25044.697534001658,0.5674944111935905,-0.7412743930834511,0.2751525256017133,10000,56.918859362047634,0.04611051115688823,Custom contaminant,677.9891818757851,91.03269101852524,687.3149829801393,7.2524742097043156,31.04173303730297,0.001,1000.0,19.0678648760142,30.89296366147152,0.2625558617171069,51.91086176854522,8.03154229943338,31.04173303730297,9.763671067847907,0.7,8,1027.4639758876122,1487.9987965126127,56.918859362047634,292.0854729540096,30.94994577309773,0.7566613052090674,6.053290441672539,65.97010608075439,Permeability model: J = A × TMP,User-provided baseline rejection,Screening-level approximation; requires experimental validation.,simple,59.9145888021554,100.0,0.0,100,100,synthetic_physics
Custom Polymer,NF,345.859583172897,3.2995306523290893,40.60608316734078,87573.20752558991,0.5271592111032721,-0.11211422720804731,0.9359374994357259,10000,92.61382036974675,0.05172127270432604,Custom contaminant,549.1029180209262,48.98242560924627,1933.3872503331008,6.004667601752534,17.32615002297665,0.001,1000.0,18.270902338059614,46.26985047542681,0.8448896569043592,78.3653323073421,18.00730085582268,17.32615002297665,7.670205562763797,0.7,8,23.753490112372848,60.28540231013892,92.61382036974675,40.557727879987866,60.59827221493397,0.7250358076458863,5.80028646116709,73.9154562824981,Permeability model: J = A × TMP,User-provided baseline rejection,Screening-level approximation; requires experimental validation.,simple,97.48823196815447,79.17830037457617,0.0,100,100,synthetic_physics
Custom Polymer,UF,383.66914506169394,48.58015546328834,46.1887672569129,24402.514476825814,0.5513734360515034,-0.42135972779533093,0.2578084097023544,10000,79.23947256739314,0.06444744629263126,Custom contaminant,226.66804270668587,81.60560167528311,2595.6527659536905,5.0061971180666855,10.225210983999997,0.001,1000.0,6.8553733768816,40.078030948356876,0.8407821275719812,15.374680258703691,18.696893677801704,10.225210983999997,1.2454712563633517,0.7,8,99.8112449607171,333.0351044077961,79.23947256739314,47.05748118707457,70.02981258140888,0.27203862628436104,2.1763090102748883,74.1934898932501,Permeability model: J = A × TMP,User-provided baseline rejection,Screening-level approximation; requires experimental validation.,simple,83.40997112357172,100.0,0.0,100,100,synthetic_physics
Custom Polymer,MF,499.3186623558388,20.06649149986007,16.242394675185018,42568.63308840595,0.533767968178903,0.8658015648265065,0.9808211455330342,10000,53.475067765910595,0.025009640015446272,Custom contaminant,792.8305941570339,27.063215227086047,2666.0622725684457,7.980719543374521,13.355344071420316,0.001,1000.0,16.68407984149534,9.641462620395718,0.4292604407328573,46.41386964194975,12.268004503386539,13.355344071420316,6.893012864589989,0.7,8,246.3338968421906,334.79094632235297,53.475067765910595,368.8638966626884,26.421577540209718,0.6620666609064526,5.296533287251621,64.70134075586179,Permeability model: J = A × TMP,User-provided baseline rejection,Screening-level approximation; requires experimental validation.,simple,56.289545016748,100.0,0.0,100,100,synthetic_physics
Custom Polymer,UF,329.81650008593505,99.21215854727744,99.94276901319459,51887.71056224628,0.1666393608726048,0.4556865979374367,0.9766640782165892,10000,65.88448674268811,0.07187528844644821,Custom contaminant,430.52915556730136,5.141915455692936,2049.56685054799,6.1200261704108065,33.62391623894507,0.001,1000.0,16.675977490583325,41.240308543294425,0.42249933805948137,29.115926168067464,18.09728832217579,33.62391623894507,8.033755395042958,0.7,8,450.5558148599599,1654.4597227265826,65.88448674268811,146.87723114415564,72.76719350305882,0.6617451390446075,5.29396111235686,69.27323195783245,Permeability model: J = A × TMP,User-provided baseline rejection,Screening-level approximation; requires experimental validation.,simple,69.35209130809274,100.0,0.0,100,100,synthetic_physics
Custom Polymer,MF,447.5851995727885,15.246960911777268,88.02780918623705,10061.475680702186,0.20746786543822976,0.06768002654792071,0.06751848018741502,10000,52.635074359865506,0.005075217904027301,Custom contaminant,441.9534930973205,77.46238812922299,201.03121581175543,7.913545638795132,34.6938195224856,0.001,1000.0,3.5264168018418487,8.196323006248807,0.8621929638843308,66.7343457462571,13.165131507208391,34.6938195224856,8.210078805010404,0.7,8,50.29202786014165,53.76713913631727,52.635074359865506,209.3309433695228,6.463262379210977,0.1399371747882136,1.1194973983057088,77.9286071217921,Permeability model: J = A × TMP,User-provided baseline rejection,Screening-level approximation; requires experimental validation.,simple,55.40534143143737,100.0,67.68368810394512,100,100,synthetic_physics
Custom Polymer,UF,55.450477938002436,40.05367027593669,74.04195805453091,26116.469952734355,0.626630240103487,0.008357208781627712,0.7502659879482331,10000,73.18751392908075,0.05834612933216355,Custom contaminant,226.997324313846,20.837934143501503,2279.323350657048,4.713462088203763,12.579470503328354,0.001,1000.0,3.6905690274381775,9.591979061242172,0.8248765465788308,34.887996760565926,23.774128747971336,12.579470503328354,1.4583914521270627,0.7,8,36.924399851638,147.8208349555931,73.18751392908075,60.863625963009355,75.0208420465691,0.1464511519996283,1.1716092159970264,71.96382092124027,Permeability model: J = A × TMP,User-provided baseline rejection,Screening-level approximation; requires experimental validation.,simple,77.03948834640079,100.0,0.0,100,100,synthetic_physics
Custom Polymer,RO,229.8774585286128,39.89889949301032,87.63333570635415,97571.76675992577,0.7110012711419251,-0.6153986419297339,0.22079792120893404,10000,82.73808656684366,0.04691711933753779,Custom contaminant,737.3778794727741,56.642065080964464,1697.6354286221685,8.971281549032714,31.315983152280335,0.001,1000.0,0.7262397469463757,3.4234977201547685,0.6055428679314555,41.46440567167066,6.614339400560298,31.315983152280335,4.244695264416536,0.7,8,21.245559358623872,28.97616667124269,82.73808656684366,127.28553122983416,26.67919259413647,0.028819037600292363,0.2305523008023389,68.18708574453247,Permeability model: J = A × TMP,User-provided baseline rejection,Screening-level approximation; requires experimental validation.,simple,87.0927227019407,70.8185311954129,0.0,100,100,synthetic_physics
Custom Polymer,NF,381.3760561791017,82.83453698113507,56.56108372111437,38844.263345281746,0.28948773304657494,0.043836941538506924,0.314749618564381,10000,78.14834733865644,0.10311459546389747,Custom contaminant,75.41841881020089,0.10674650227472382,715.6037026381546,9.367068986312686,29.388722896856773,0.001,1000.0,3.604814968353053,44.62293412935732,0.4752563808844666,40.70688175089955,22.485235680302395,29.388722896856773,0.6889182526150661,0.7,8,29.387210117194414,298.6031788061902,78.14834733865644,16.4801709210825,90.15844029702433,0.14304821314432162,1.144385705154573,73.28083815225473,Permeability model: J = A × TMP,User-provided baseline rejection,Screening-level approximation; requires experimental validation.,simple,82.2614182512173,97.95736705731471,0.0,100,100,synthetic_physics
Custom Polymer,UF,297.027949325814,20.353164448618404,68.27317391168683,21802.18278900366,0.16940987941917005,-0.5860296807183205,0.42273403427206224,10000,58.78930112873669,0.02453034361388536,Custom contaminant,861.6790673567515,32.03972035973079,1146.2001909029354,4.331622457007366,20.721088705061625,0.001,1000.0,5.443182110967277,30.913768299747638,0.21333639469568264,71.62740897971304,22.347165591609546,20.721088705061625,1.088327466050223,0.7,8,64.03415333775054,110.78598062829487,58.78930112873669,355.103965685101,42.20012949779664,0.21599929029054854,1.7279943223243883,66.65921620532404,Permeability model: J = A × TMP,User-provided baseline rejection,Screening-level approximation; requires experimental validation.,simple,61.883474872354405,100.0,0.0,100,100,synthetic_physics
Custom Polymer,MF,62.62744858140283,12.41731737298781,62.33735637472089,12635.911938857478,0.6966676225511864,0.5085430298757849,0.8198088582380241,10000,76.25042029161244,0.14951819567027724,Custom contaminant,53.733351914719655,40.12649641861133,1039.4163399191448,9.691872992275847,27.305828754927788,0.001,1000.0,16.162581115805562,9.346718489267424,0.9788478024614345,42.39796601572364,12.101293792360176,27.305828754927788,9.711758812602804,0.7,8,32.86562275455625,200.6958992816171,76.25042029161244,12.761445242974737,83.62416827040443,0.6413722670133185,5.130978136106548,73.09226010743616,Permeability model: J = A × TMP,User-provided baseline rejection,Screening-level approximation; requires experimental validation.,simple,80.26360030696047,100.0,0.0,100,100,synthetic_physics
Custom Polymer,RO,204.78726203194654,58.890517577688726,13.677208444230907,32448.019827979562,0.2352458257115914,-0.7934330417859008,0.8661446063310201,10000,79.40762518976106,0.05700755477154712,Custom contaminant,414.5826835930457,43.15190036873546,1936.1326282196571,9.560616348933959,37.98338858970948,0.001,1000.0,7.9515411947071355,17.13386052029071,0.4565360351834025,47.595067282136945,11.352720919069084,37.98338858970948,6.621658757185339,0.7,8,245.1462563324035,468.27037649661656,79.40762518976106,85.37242010382693,47.64856616246473,0.3155373492487448,2.5242987939899586,74.25544085938566,Permeability model: J = A × TMP,User-provided baseline rejection,Screening-level approximation; requires experimental validation.,simple,83.58697388395902,100.0,0.0,100,100,synthetic_physics
Custom Polymer,UF,281.6555214560842,32.75083912271353,35.22734977050063,38169.98236219322,0.16624783777457208,-0.6678747351720538,0.7231138021453861,10000,69.41592590495179,0.03610815102122083,Custom contaminant,567.0456864691087,75.55395424734273,846.5248508015771,8.960739291542467,37.825145788751485,0.001,1000.0,12.028411675662046,33.7784352905874,0.062050230419824826,75.91399182664298,9.72339125522618,37.825145788751485,9.246613965399757,0.7,8,277.30178645576433,393.9405756913767,69.41592590495179,173.42567290248695,29.60821921705019,0.47731792401923717,3.8185433921538974,70.57428849129802,Permeability model: J = A × TMP,User-provided baseline rejection,Screening-level approximation; requires experimental validation.,simple,73.06939568942293,100.0,0.0,100,100,synthetic_physics
Custom Polymer,RO,12.263211433230529,4.815657933020136,68.36146176132227,56485.467376277345,0.11857270604425205,0.48691992244477067,0.8521453370691817,10000,74.77123237372149,0.07253482885180197,Custom contaminant,15.418377746281209,78.66497124935992,1059.0765935637057,9.272581718695237,21.191817626741592,0.001,1000.0,11.38854263048797,14.24674762176705,0.1689824294590695,63.1180927535996,12.169876252887617,21.191817626741592,5.411230445147282,0.7,8,22.685832364756337,54.8433256640474,74.77123237372149,3.8898666933511246,58.63519928801827,0.4519262952221748,3.6154103617773985,66.45215644165047,Permeability model: J = A × TMP,User-provided baseline rejection,Screening-level approximation; requires experimental validation.,simple,78.70656039339104,75.61944121585445,0.0,100,100,synthetic_physics
Custom Polymer,NF,483.0538172060504,96.39441130999322,85.70857004853795,19167.12463012084,0.515990886011106,0.7562948493110748,0.3744639364489377,10000,55.045197680185694,0.12258962082478866,Custom contaminant,486.94591584854993,56.439268035917856,2948.218459321749,7.643268582964433,22.749381569983044,0.001,1000.0,7.525690483374516,21.463345340048235,0.12721509234688208,64.60629188131789,20.186346167395467,22.749381569983044,2.915531632276748,0.7,8,61.07693313641756,725.4345038461048,55.045197680185694,218.9055738741249,91.58064128290009,0.29863851148393133,2.3891080918714507,65.27980967164736,Permeability model: J = A × TMP,User-provided baseline rejection,Screening-level approximation; requires experimental validation.,simple,57.94231334756389,100.0,0.0,100,100,synthetic_physics
Custom Polymer,NF,438.4237856040585,3.3730651972675902,52.52528693295554,46635.73361080935,0.5830887387049218,-0.673216599701091,0.6683307407951538,10000,68.79902699295633,0.0947136428345981,Custom contaminant,49.69405977404816,46.172719718450935,1614.527592548879,5.28595841712992,14.18870962537362,0.001,1000.0,3.931791199643568,17.862912825104054,0.10584204781192173,76.04898467972033,10.017360445151706,14.18870962537362,8.108799064816814,0.7,8,5.135289829455614,13.262188058440707,68.79902699295633,15.505030176204917,61.27871353635901,0.15602346042813497,1.2481876834250798,49.62641813598639,Permeability model: J = A × TMP,User-provided baseline rejection,Screening-level approximation; requires experimental validation.,simple,72.42002841363824,17.117632764852043,0.0,100,100,synthetic_physics
Custom Polymer,UF,487.46439032333484,8.992792720271172,65.51527732556441,87205.20413075079,0.5439641037767099,-0.14194775728517461,0.4310763576379383,10000,51.79135441176721,0.08251710893694492,Custom contaminant,993.607566818979,95.87075259719342,217.1577636422732,8.23478202177693,19.052946000907923,0.001,1000.0,18.079185237441507,3.2106225397546484,0.9365153609909698,67.81068078408327,3.2613529829361356,19.052946000907923,0.692260939441262,0.7,8,124.2216311187636,162.58236539169803,51.79135441176721,479.0047504256249,23.594646430758136,0.7174279861867006,5.7394238894936045,64.08102530959845,Permeability model: J = A × TMP,User-provided baseline rejection,Screening-level approximation; requires experimental validation.,simple,54.517215170281276,100.0,0.0,100,100,synthetic_physics
Custom Polymer,MF,86.32125877754389,53.95491714461118,91.65874092999225,56961.087298157676,0.3780633110309769,-0.10996789029201559,0.06311717070387102,10000,98.34074083594379,0.050044856836756996,Custom contaminant,197.4698567561253,28.60473018403953,2896.6822651852885,4.565716320928042,36.019091215035445,0.001,1000.0,14.215309109148667,41.67093977879238,0.9761385649642174,68.16159916376539,22.669485255029542,36.019091215035445,1.356659042230106,0.7,8,246.65168918613145,766.9858251691529,98.34074083594379,3.2765366944746677,67.84142795184849,0.5640995682746395,4.512796546197116,80.0,Permeability model: J = A × TMP,User-provided baseline rejection,Screening-level approximation; requires experimental validation.,simple,100.0,100.0,0.0,100,100,synthetic_physics
Custom Polymer,RO,399.93639693181535,55.021893714023726,54.806063912906204,89942.6968438911,0.7802626730526979,0.4096766460863619,0.4829383894717839,10000,72.77455250930208,0.061019511297361356,Custom contaminant,367.98303927693604,39.15068416844314,360.2843822284663,4.464616511562629,33.39609531616935,0.001,1000.0,9.032243279820477,46.6035399386864,0.616098798508013,7.638198663831481,4.201798520960768,33.39609531616935,2.137615950828775,0.7,8,384.57554401912006,496.97112974148735,72.77455250930208,100.18502913301651,22.6161197292955,0.3584223526605664,2.867378821284531,71.81167724026919,Permeability model: J = A × TMP,User-provided baseline rejection,Screening-level approximation; requires experimental validation.,simple,76.60479211505482,100.0,0.0,100,100,synthetic_physics
Custom Polymer,UF,117.16507081430109,52.05981195251708,93.68151623237941,97730.67662647855,0.26545230476848125,-0.9017647124999197,0.1536018325377585,10000,53.16009108725765,0.033293014958388774,Custom contaminant,572.884017556698,91.24487962956418,1657.934762713586,7.755937340194484,16.056017548286235,0.001,1000.0,16.051555689342234,31.27165651677358,0.8654954609007975,76.16323302543381,8.67566823027992,16.056017548286235,0.9967326795008495,0.7,8,626.0059700207447,835.6409707325123,53.16009108725765,268.3383519992163,25.086730791574784,0.6369664961183921,5.0957319689471365,64.58529671635807,Permeability model: J = A × TMP,User-provided baseline rejection,Screening-level approximation; requires experimental validation.,simple,55.957990618165944,100.0,0.0,100,100,synthetic_physics
Custom Polymer,RO,120.70518937922341,44.34631500190788,94.62367153062286,38141.82732615482,0.639541249565759,0.08095338434151,0.18280877043097654,10000,66.00463253577723,0.0997128233283087,Custom contaminant,676.1248607380445,43.47597468090461,763.0722477201325,8.331440677076058,15.066191248381443,0.001,1000.0,18.746059898929506,10.207275372787358,0.11623923920419522,42.323577677403414,12.70941555557781,15.066191248381443,5.131109856304623,0.7,8,234.09370876325227,831.3186773225613,66.00463253577723,229.8511309248627,71.84067732999806,0.7438912664256491,5.9511301314051925,69.3174961973916,Permeability model: J = A × TMP,User-provided baseline rejection,Screening-level approximation; requires experimental validation.,simple,69.47856056397603,100.0,0.0,100,100,synthetic_physics
Custom Polymer,RO,497.4592974865081,49.1417806543876,48.31671149324327,42465.72324009885,0.14677802829102404,0.1859132622992321,0.22796777222318243,10000,81.81668811342959,0.012370851982529187,Custom contaminant,981.5732302404716,46.90050790126722,2700.5905776130253,6.853367039397609,11.809924557226651,0.001,1000.0,16.479828212657377,32.76100275368958,0.7839394770982057,37.1127397631655,15.491513489796155,11.809924557226651,8.576667137586414,0.7,8,668.6117065354226,809.8481032483974,81.81668811342959,178.4825218497088,17.43986262935713,0.6539614375333825,5.23169150026706,77.7031277282222,Permeability model: J = A × TMP,User-provided baseline rejection,Screening-level approximation; requires experimental validation.,simple,86.12282959308378,100.0,12.80068685321435,100,100,synthetic_physics
Custom Polymer,UF,319.2220670072249,35.41968984875443,66.59042984225378,67349.4917670997,0.7724108737546376,-0.2581753569166616,0.4250817675141312,10000,90.52493576323425,0.07833553563769748,Custom contaminant,739.2073621845757,45.9709464453592,724.9359112568313,8.471223056686064,13.934655075541297,0.001,1000.0,4.1319565379199,31.714424156426222,0.7497971021901491,72.10159151508613,6.905782689273455,13.934655075541297,1.1961701601454882,0.7,8,85.20419951960194,146.352619041656,90.52493576323425,70.04037240989021,41.78156832618727,0.16396652941370896,1.3117322353096716,78.35129212329683,Permeability model: J = A × TMP,User-provided baseline rejection,Screening-level approximation; requires experimental validation.,simple,95.28940606656238,100.0,0.0,100,100,synthetic_physics
Custom Polymer,MF,85.66731313084979,20.569031243209313,29.84161590228811,53174.4397256156,0.7179778962238547,0.5210920454597339,0.7081575538426351,10000,58.741510336014585,0.05686398157126626,Custom contaminant,483.6208768258112,14.742595348558584,892.9461361673502,5.849999223717066,13.818285949871179,0.001,1000.0,11.0947458997835,35.546381629685456,0.07923231516209259,41.08423263223623,18.881963088793185,13.818285949871179,7.505102276629224,0.7,8,77.9879759036783,228.20817504811524,58.741510336014585,199.53466947805296,65.82594997430071,0.44026769478806743,3.5221415583045395,66.64160907116326,Permeability model: J = A × TMP,User-provided baseline rejection,Screening-level approximation; requires experimental validation.,simple,61.83316877475219,100.0,0.0,100,100,synthetic_physics
Custom Polymer,RO,409.3858171471895,45.37582268389009,82.23515118134621,24454.930585819813,0.3525673929922608,-0.6472888471643974,0.4674845394285718,10000,69.56379511853062,0.03993443188007526,Custom contaminant,754.2629021384737,31.384677211164657,891.1325574229236,4.785341985102971,23.16465105405846,0.001,1000.0,6.198699650978581,19.09436922570746,0.24363728999434714,62.236661736492536,22.355078662835858,23.16465105405846,5.029525342609987,0.7,8,115.1898450191767,281.2710962334955,69.56379511853062,229.56900223978272,59.0466825202855,0.24598014507688656,1.9678411606150925,70.62876662261655,Permeability model: J = A × TMP,User-provided baseline rejection,Screening-level approximation; requires experimental validation.,simple,73.22504749319013,100.0,0.0,100,100,synthetic_physics
Custom Polymer,NF,434.91441553728595,99.8841340960322,61.73813198825338,89033.05692071693,0.7360257725889494,0.5829029756152446,0.4609313910731102,10000,54.049584621152576,0.007291805538819408,Custom contaminant,482.42862695009535,49.43145335346178,1281.3509248026196,7.409004107748187,26.564881099132812,0.001,1000.0,16.76493821244732,6.3241980598508585,0.23292588944449003,64.47537342197228,20.42416637975588,26.564881099132812,9.948759714846592,0.7,8,1442.8440796904238,1674.5513365237823,54.049584621152576,221.67795799003906,13.836975420195952,0.6652753264229869,5.322202611383895,71.07602944022868,Permeability model: J = A × TMP,User-provided baseline rejection,Screening-level approximation; requires experimental validation.,simple,56.89429960121324,100.0,30.815122899020242,100,100,synthetic_physics
Custom Polymer,NF,437.7268880296712,89.10000170016077,32.12044632036058,40465.33258393295,0.28765957337438575,0.21259879638543122,0.9388053542070384,10000,67.19758023692972,0.08576525837281028,Custom contaminant,303.3366341489502,16.97999737727075,666.0380364741014,4.34767206722878,38.478805690277724,0.001,1000.0,8.177016248451066,41.871923708103296,0.6845161779627942,19.394087105831403,4.623362794608564,38.478805690277724,8.138683194954394,0.7,8,490.07712231396295,728.5721616392323,67.19758023692972,99.50175602870743,32.73458030412163,0.32448477202351905,2.5958781761881524,69.75700324518463,Permeability model: J = A × TMP,User-provided baseline rejection,Screening-level approximation; requires experimental validation.,simple,70.73429498624182,100.0,0.0,100,100,synthetic_physics
Custom Polymer,RO,457.5097400139681,14.865485064259572,68.09315283099248,81540.15066507792,0.26467947189095153,-0.4475852730868679,0.9645188861392017,10000,63.2034205067733,0.06734377223550693,Custom contaminant,438.19043730994247,25.303474992968354,2349.7941506675625,8.631096059374931,21.349540426713567,0.001,1000.0,16.735490663398526,11.440671785551118,0.01426271791100186,47.83755215418058,23.860827652630896,21.349540426713567,0.4825786672861576,0.7,8,49.88376495691119,248.7811864998063,63.2034205067733,161.2390925964707,79.94873902695612,0.6641067728883698,5.312854183106959,68.28547071302174,Permeability model: J = A × TMP,User-provided baseline rejection,Screening-level approximation; requires experimental validation.,simple,66.52991632291926,100.0,0.0,100,100,synthetic_physics
Custom Polymer,UF,111.91905611714569,52.372549606221334,81.18413290804219,9359.679504967795,0.376664257631226,0.49415160125977264,0.37154320840636157,10000,59.422937381734386,0.03334689497250516,Custom contaminant,415.9482990458443,47.941707480589116,2599.2618116664407,7.853514511407961,30.712058635465045,0.001,1000.0,19.663145996410957,21.180328574747715,0.409320859216637,74.25102257943593,6.278076294618877,30.712058635465045,7.325170938398379,0.7,8,835.2861517420921,1029.8090891114052,59.422937381734386,168.77960176344294,18.889223199337046,0.780283571910376,6.242268575283008,68.00343794130194,Permeability model: J = A × TMP,User-provided baseline rejection,Screening-level approximation; requires experimental validation.,simple,62.55046040182567,100.0,5.553884003314769,100,100,synthetic_physics
Custom Polymer,MF,57.91611874826711,47.354909163664814,20.855684660833848,18944.839643847325,0.42467967732401335,-0.4211405849838701,0.7960604476258709,10000,95.28948408038508,0.12139448776681301,Custom contaminant,273.3705638954486,27.413439368860836,838.7122153406555,4.810228576337416,38.31395104311134,0.001,1000.0,8.160546403509974,12.009784252747814,0.8482043400031611,34.93964769933429,1.3252450610771647,38.31395104311134,1.7032215454713489,0.7,8,329.01527395091915,386.44193366408643,95.28948408038508,12.877163931836186,14.860359270193813,0.323831206747556,2.590649653980448,85.13964072980619,Permeability model: J = A × TMP,User-provided baseline rejection,Screening-level approximation; requires experimental validation.,simple,100.0,100.0,25.698203649030937,100,100,synthetic_physics
Custom Polymer,RO,323.2326667745233,78.50762214300067,21.88250446038258,91780.86113198115,0.6956979840365152,0.6967615081221619,0.22766114679921412,10000,52.52174583363788,0.13077641322497463,Custom contaminant,312.7422264511817,61.891638117352585,2303.903962732117,4.769759551066721,33.42515063557144,0.001,1000.0,18.782526887429103,36.69037332157404,0.4468105209957525,70.75086040637771,12.895254306705136,33.42515063557144,7.473232185385866,0.7,8,273.06985139102704,1474.5715237690347,52.52174583363788,148.48454916003183,81.48141022735507,0.7453383691450447,5.962706953160358,64.3501168860771,Permeability model: J = A × TMP,User-provided baseline rejection,Screening-level approximation; requires experimental validation.,simple,55.2860482459346,100.0,0.0,100,100,synthetic_physics
Custom Polymer,MF,377.1829022325129,29.497632728767243,12.666546189677277,24214.68367152498,0.4520124558862473,0.010553844586191685,0.5826443493145376,10000,69.71558169363976,0.119099250310254,Custom contaminant,914.0222128437357,24.672505347947126,2235.9173313354754,8.067831115270268,25.69271497837945,0.001,1000.0,3.932898630708373,39.966380670552766,0.9610200227725444,59.137724917521005,22.06970992070475,25.69271497837945,9.843434122985197,0.7,8,8.374579157536262,116.01119936810717,69.71558169363976,276.80631035064727,92.78123215417897,0.15606740610534492,1.2485392488427594,52.66350395700715,Permeability model: J = A × TMP,User-provided baseline rejection,Screening-level approximation; requires experimental validation.,simple,73.38482283541028,27.91526385845421,0.0,100,100,synthetic_physics
Custom Polymer,RO,182.5048303772267,64.18413173970735,47.91934102616972,98669.5603128914,0.16566547680540744,-0.17525017140555077,0.8755390445272362,10000,64.17416039527312,0.11922996334263654,Custom contaminant,388.95533115245314,97.99785398901582,2662.2365256287517,5.807922145975692,33.10579340613565,0.001,1000.0,6.86975956789872,30.71177917056122,0.6618959607093591,67.21965568142787,1.0745947607273496,33.10579340613565,2.279563122407767,0.7,8,387.9052951941438,440.9295531261265,64.17416039527312,139.34651307271216,12.025562259560163,0.27260950688073526,2.180876055045882,76.61754946501414,Permeability model: J = A × TMP,User-provided baseline rejection,Screening-level approximation; requires experimental validation.,simple,67.55174778449802,100.0,39.87218870219918,100,100,synthetic_physics
Custom Polymer,RO,286.1263861150733,50.064902741913166,6.465785714090066,35153.45040441489,0.7055701623374538,-0.9382143259279356,0.3964362353648121,10000,97.16289955477157,0.012377706509027121,Custom contaminant,752.2086935341904,25.761261618203648,2613.16561324565,8.476407873756191,36.571155125750884,0.001,1000.0,4.475310850539067,27.033344986111643,0.7814772441390527,23.427480724623575,5.922538173779598,36.571155125750884,0.3691031216260918,0.7,8,208.2186214410233,224.0560024720671,97.16289955477157,21.34091619330543,7.06849218780391,0.17759170056029033,1.4207336044823227,92.93150781219609,Permeability model: J = A × TMP,User-provided baseline rejection,Screening-level approximation; requires experimental validation.,simple,100.0,100.0,64.65753906098045,100,100,synthetic_physics
Custom Polymer,NF,479.6724940479716,71.29167112540772,63.9204750470083,74527.47490815159,0.4721290430868076,-0.04773235781917928,0.44953224112352086,10000,81.9579166839717,0.03422257143189556,Custom contaminant,889.178108064721,81.17523712192651,1113.7344732108982,7.471655780875146,14.230818998500439,0.001,1000.0,19.452455709085243,45.241741693883895,0.9226785314342084,29.91222857775887,4.47466562349711,14.230818998500439,2.1965444183164724,0.7,8,1189.892518911091,1386.7980749936648,81.9579166839717,160.4262550849211,14.198574373091288,0.771922846216159,6.175382769729272,80.99644756310882,Permeability model: J = A × TMP,User-provided baseline rejection,Screening-level approximation; requires experimental validation.,simple,86.271491246286,100.0,29.007128134543557,100,100,synthetic_physics
Custom Polymer,MF,68.85420874967832,8.059148884299693,98.99248385128247,7868.739495222822,0.19277945666598956,0.6545091911814729,0.5802402167429431,10000,88.64341850800969,0.09648224112703498,Custom contaminant,883.3533196256585,63.846752776474055,1614.1627694191377,8.276498162567798,23.421782553763286,0.001,1000.0,7.052063693513747,23.91497017006041,0.17801696404757505,64.74287973520185,6.626538861394699,23.421782553763286,1.61996230873677,0.7,8,29.987628991696642,56.83363124759169,88.64341850800969,100.31873960548958,47.23611999898852,0.2798437975855317,2.2387503806842535,77.64779238199638,Permeability model: J = A × TMP,User-provided baseline rejection,Screening-level approximation; requires experimental validation.,simple,93.30886158737862,99.95876330565548,0.0,100,100,synthetic_physics
Custom Polymer,MF,130.71259847378113,84.36494502545173,33.68992826417541,68761.96201583707,0.6994867414590176,-0.8445106661499158,0.7650244051780429,10000,65.3525067723136,0.036410242806686186,Custom contaminant,692.0124379284424,90.97966227332338,955.5557052659467,7.4130028323059145,18.695023415484748,0.001,1000.0,11.174854597383273,31.471239502062687,0.614232034902278,51.76597772320594,3.674375117111816,18.695023415484748,6.966050648908523,0.7,8,824.7111557936731,942.7659937756564,65.3525067723136,239.76496256600464,12.522178224650304,0.44344661136203006,3.5475728908962405,76.55506111251786,Permeability model: J = A × TMP,User-provided baseline rejection,Screening-level approximation; requires experimental validation.,simple,68.79211239190906,100.0,37.38910887674848,100,100,synthetic_physics
Custom Polymer,NF,344.46817988627276,8.332984721131925,45.23704539900111,41198.99563855011,0.1606980385502394,-0.5552641442063786,0.44096263179803674,10000,87.07102486191832,0.03937400116277616,Custom contaminant,831.4524110236624,54.579828573946344,2305.2228870353906,6.835335900021143,24.9758267626667,0.001,1000.0,12.470443909716876,46.470559800125386,0.49689445559878087,44.649315358121825,14.646928642896944,24.9758267626667,7.401399859247485,0.7,8,58.37425033710971,103.91601856540339,87.07102486191832,107.49827550623,43.82555149534553,0.4948588857021124,3.958871085616899,77.07879863333832,Permeability model: J = A × TMP,User-provided baseline rejection,Screening-level approximation; requires experimental validation.,simple,91.65371038096664,100.0,0.0,100,100,synthetic_physics
Custom Polymer,NF,45.206664388254815,52.053056413675236,48.67756733139831,92207.65593163825,0.44545460630543876,-0.06335893061133802,0.962199988534702,10000,72.483765533684,0.031228242396703097,Custom contaminant,224.74696157773042,9.518753833697414,101.64757485093891,6.591673966002892,33.07727743894664,0.001,1000.0,14.72263556743675,2.5753053023396597,0.5742830745580926,16.5712344060107,22.615292691970385,33.07727743894664,1.756913496477375,0.7,8,378.1964675354084,766.3581797497667,72.483765533684,61.84190090364944,50.65016887287638,0.5842315706037643,4.673852564830114,71.70454519662042,Permeability model: J = A × TMP,User-provided baseline rejection,Screening-level approximation; requires experimental validation.,simple,76.29870056177262,100.0,0.0,100,100,synthetic_physics
Custom Polymer,UF,169.8567974603878,64.51457127047087,41.813601049943436,76084.48370448628,0.2614753877295005,0.8115837058285202,0.5002096493133521,10000,87.72904807087136,0.1282108777531779,Custom contaminant,998.8403248452569,22.394566559395823,931.987999334019,5.502598520391329,17.88613996479348,0.001,1000.0,11.732405882479673,49.682603634146304,0.9903753062218269,44.507992352173076,15.517139441219834,17.88613996479348,8.6137083826459,0.7,8,103.52154840502719,756.9111354793265,87.72904807087136,122.5672161105138,86.32315690012005,0.46557166237561903,3.7245732990049523,77.32122823663681,Permeability model: J = A × TMP,User-provided baseline rejection,Screening-level approximation; requires experimental validation.,simple,92.3463663903909,100.0,0.0,100,100,synthetic_physics
Custom Polymer,NF,467.13739464221754,21.182202105624846,53.32563116530284,83367.28693882047,0.3122414536442142,-0.12038191503906659,0.985621101512008,10000,99.15383016637148,0.13638548756095134,Custom contaminant,800.463861379777,26.913050072280576,1030.4652147948436,7.283697047229248,26.823321236860366,0.001,1000.0,10.208955823269926,32.196843715899,0.4142397924066589,61.18806179866497,8.33842327224135,26.823321236860366,3.3737022697688905,0.7,8,69.3514281024958,216.24816553589926,99.15383016637148,6.773283724093673,67.92970338932989,0.4051172948982973,3.2409383591863783,80.0,Permeability model: J = A × TMP,User-provided baseline rejection,Screening-level approximation; requires experimental validation.,simple,100.0,100.0,0.0,100,100,synthetic_physics
Custom Polymer,NF,102.46898291417043,85.2015670132144,45.18195151946371,23172.844762006964,0.6315387700156713,0.10796225163371886,0.021156011423293486,10000,65.78643672110209,0.030665204612594452,Custom contaminant,659.3141323730122,27.503104063025287,288.34565970883654,4.329609935186015,27.45181893876145,0.001,1000.0,0.6301244229409746,42.59081354366835,0.16384314806470288,50.49247513965724,10.950168658252524,27.45181893876145,4.484230060195835,0.7,8,38.374480986245764,53.6875882478685,65.78643672110209,225.57485788615722,28.522620891301987,0.02500493743829659,0.20003949950637273,69.23710826566919,Permeability model: J = A × TMP,User-provided baseline rejection,Screening-level approximation; requires experimental validation.,simple,69.24888075905483,100.0,0.0,100,100,synthetic_physics
Custom Polymer,MF,45.180599756422474,80.47247277100935,89.412195990572,1596.158404730732,0.22502292298798243,0.8078083775909577,0.5494936128000582,10000,57.48697495458568,0.03440461562832803,Custom contaminant,663.386381794743,72.4816822246873,1838.3377448818121,9.718890279475154,24.82190810985331,0.001,1000.0,6.1453838604220286,24.384412588814026,0.36606963072994486,21.83119195060147,1.5801363594932916,24.82190810985331,3.5869036862947294,0.7,8,468.36710315613226,494.534235375212,57.48697495458568,282.02561864026694,5.291268095772228,0.2438644391007276,1.9509155128058209,80.88814372960145,Permeability model: J = A × TMP,User-provided baseline rejection,Screening-level approximation; requires experimental validation.,simple,60.512605215353354,100.0,73.54365952113886,100,100,synthetic_physics
Custom Polymer,UF,19.03452340884497,44.47867280738754,64.75693074353697,61235.20886284357,0.6436539051221012,0.621039431319595,0.7117058209193878,10000,55.129605037622994,0.0738782543806323,Custom contaminant,607.3718979127325,24.55660388094516,223.40027117565188,5.341541925256282,23.646832051979167,0.001,1000.0,8.395820317281096,9.65668208503092,0.8261713872566578,74.42650015525435,5.231685497738807,23.646832051979167,9.302771864115494,0.7,8,253.72119844042402,373.43494484196253,55.129605037622994,272.5301694839283,32.057456875708645,0.333167473174514,2.665339785396112,65.31090711912427,Permeability model: J = A × TMP,User-provided baseline rejection,Screening-level approximation; requires experimental validation.,simple,58.03116319749789,100.0,0.0,100,100,synthetic_physics
Custom Polymer,NF,18.751869995838604,92.5712847979876,95.24095021800989,1699.1603700845576,0.6341135077437237,0.9404031451396868,0.9059022188177783,10000,98.43843704369104,0.0847969083261577,Custom contaminant,87.37457848653439,84.97891978050362,1880.1019418461335,7.6884204651297345,22.51760829576059,0.001,1000.0,11.52247113511796,8.525409175219611,0.7423723263004888,10.626298051365675,17.649848025529113,22.51760829576059,8.504886383986054,0.7,8,238.79981091791197,1066.6499570255962,98.43843704369104,1.3644090508768185,77.61216701458306,0.4572409184260293,3.6579273474082346,80.0,Permeability model: J = A × TMP,User-provided baseline rejection,Screening-level approximation; requires experimental validation.,simple,100.0,100.0,0.0,100,100,synthetic_physics
Custom Polymer,NF,259.8168793679542,31.909213019285747,96.97639978883316,73445.88521867475,0.3582919873102415,-0.6503852275339899,0.21957959220209133,10000,73.14972207689149,0.14167241804557898,Custom contaminant,736.8048823033089,21.524374817914982,2592.727286914804,6.269203138058087,35.55166548257556,0.001,1000.0,4.985652040026393,31.314369984879562,0.9274037832004691,24.342050686084562,16.78377487876759,35.55166548257556,9.874394937575724,0.7,8,14.756165592760999,159.08823298523873,73.14972207689149,197.834158649471,90.72453988842143,0.19784333507995694,1.5827466806396555,59.24670226790998,Permeability model: J = A × TMP,User-provided baseline rejection,Screening-level approximation; requires experimental validation.,simple,76.99970744935946,49.18721864253666,0.0,100,100,synthetic_physics
Custom Polymer,UF,83.79316074907172,9.751826779366766,67.7453240520368,34303.72680102852,0.1498711341566138,-0.049388764232791704,0.7537706796439557,10000,64.22760778071792,0.05358179723824453,Custom contaminant,847.2424066405024,52.007191226148805,2543.922709538769,6.6783369528622565,38.5892548468031,0.001,1000.0,13.085732876411187,6.679044400643222,0.8862420583445327,41.69488931230983,3.828515747363267,38.5892548468031,1.6116323250300653,0.7,8,103.94255785739033,127.60980029182672,64.22760778071792,303.0788767515253,18.546571172678384,0.5192751145587212,4.15420091646977,70.1162316939019,Permeability model: J = A × TMP,User-provided baseline rejection,Screening-level approximation; requires experimental validation.,simple,67.60800819022938,100.0,7.267144136608083,100,100,synthetic_physics
Custom Polymer,MF,33.21252829744999,29.372782726467513,14.838971456516942,44387.204246919784,0.3900476403960529,0.043752869377711834,0.2796363291025302,10000,51.59897510997104,0.09408598544760194,Custom contaminant,379.98082285352785,65.13349987400464,415.1342153323785,4.082664131764302,17.448827436558783,0.001,1000.0,9.239636995282233,20.3095267342549,0.8121995297207317,33.3378233144618,12.965367720672354,17.448827436558783,5.975804365177702,0.7,8,80.13491790051222,271.39384993385613,51.59897510997104,183.91461264667285,70.47283204094616,0.36665226201087076,2.933218096086966,64.01014872472618,Permeability model: J = A × TMP,User-provided baseline rejection,Screening-level approximation; requires experimental validation.,simple,54.31471064207478,100.0,0.0,100,100,synthetic_physics
Custom Polymer,NF,20.69738190644769,51.99820430777271,35.13829468048495,42417.37270448384,0.1702011789466752,0.5656411312972904,0.9424042508085225,10000,51.11121414941704,0.09219905060764544,Custom contaminant,766.2056266154744,28.480758864988942,2383.9111961033286,7.794130304597807,37.8748789681321,0.001,1000.0,19.623895264804702,3.0749595859365355,0.45048838341673614,46.02408406836636,3.9484659803798334,37.8748789681321,3.429229721230881,0.7,8,709.0402822755008,1020.4073152936484,51.11121414941704,374.5886279711566,30.51399459328099,0.778726003194596,6.229808025556768,63.830447318206275,Permeability model: J = A × TMP,User-provided baseline rejection,Screening-level approximation; requires experimental validation.,simple,53.801278052017935,100.0,0.0,100,100,synthetic_physics
Custom Polymer,MF,17.95292360781101,45.798285220914025,84.42280755010142,32728.1756405692,0.43585895192860735,0.95609149157596,0.4748768364757039,10000,56.5329734761103,0.012499616291626704,Custom contaminant,945.962406715549,26.58094132750657,1561.7853290371977,4.544210596539812,22.709653616518153,0.001,1000.0,18.61608928115246,25.61823668791598,0.9714238002843046,24.412672792804976,12.356813133042523,22.709653616518153,8.609354838912319,0.7,8,730.5644459539873,852.5849665962206,56.5329734761103,411.18173023307304,14.311831128031328,0.738733702224021,5.909869617792168,71.51610646843037,Permeability model: J = A × TMP,User-provided baseline rejection,Screening-level approximation; requires experimental validation.,simple,59.508393132747685,100.0,28.440844359843364,100,100,synthetic_physics
Custom Polymer,RO,229.64365373133447,28.669249983448772,85.69206097837028,39294.00215282459,0.47150630374216385,0.9530541328302913,0.1864832947558639,10000,65.03989177233727,0.009505092010126791,Custom contaminant,397.9193328109522,20.018343058485954,2072.101312682885,5.087928752595114,30.24438257217609,0.001,1000.0,5.416813478148491,18.405673871938788,0.35537204552593354,58.7563812622707,11.462967683751062,30.24438257217609,3.676859098641563,0.7,8,139.26467790104937,155.2959797187537,65.03989177233727,139.11302940950236,10.323062996696741,0.21495291597150565,1.7196233277720452,78.63900239311172,Permeability model: J = A × TMP,User-provided baseline rejection,Screening-level approximation; requires experimental validation.,simple,68.46304397088133,100.0,48.38468501651629,100,100,synthetic_physics
Custom Polymer,MF,290.2558065641893,22.169251306521783,90.10903653622458,34593.704455347244,0.12728556427612428,-0.010799552051094174,0.1239380544408778,10000,61.899475541415555,0.1133310765396746,Custom contaminant,139.4442952425554,80.69442243540357,2817.0311355797658,7.639192602447668,31.310775760684876,0.001,1000.0,14.329014876166864,49.6475899062518,0.34812287957960664,17.214241343202687,12.700430020486555,31.310775760684876,5.379173117333911,0.7,8,75.31198908075514,317.6635317646323,61.899475541415555,53.12900781499053,76.29189958872699,0.5686117018900824,4.548893615120659,67.80506993631099,Permeability model: J = A × TMP,User-provided baseline rejection,Screening-level approximation; requires experimental validation.,simple,65.15734267517426,100.0,0.0,100,100,synthetic_physics
Custom Polymer,RO,97.17711926511079,61.69783248041981,2.398348614205573,92803.00604419505,0.28520199447488315,-0.9208795832196164,0.10824944147485704,10000,61.98842251915412,0.044716394447876555,Custom contaminant,42.48189950275138,27.935481219372914,659.5310358310982,6.271725564607111,21.555032120679076,0.001,1000.0,6.912353263937006,17.068270293004495,0.09883396496383871,6.890371034462163,5.249686053676965,21.555032120679076,7.590829331424492,0.7,8,337.2457546928983,426.4772137238685,61.98842251915412,16.148040144823423,20.922913618720308,0.27429973291535276,2.194397863322822,67.83783987547783,Permeability model: J = A × TMP,User-provided baseline rejection,Screening-level approximation; requires experimental validation.,simple,65.2509710727938,100.0,0.0,100,100,synthetic_physics
Custom Polymer,NF,464.97782577809124,50.9177161982391,53.65056172201549,31800.866119066333,0.6417576070463594,0.5295133758652972,0.8442723575824446,10000,94.68567840212454,0.06798064099266789,Custom contaminant,769.2068124261256,80.63987287958786,994.5329052434755,9.575453464036901,12.830245079189664,0.001,1000.0,19.886529747433,38.7344451897846,0.10233819627108397,54.21722360787505,1.3032161568141136,12.830245079189664,7.7248507994974105,0.7,8,926.7279580672997,1012.5766778476328,94.68567840212454,40.87812376509097,8.478243836586884,0.7891480064818344,6.313184051854675,91.40595346945899,Permeability model: J = A × TMP,User-provided baseline rejection,Screening-level approximation; requires experimental validation.,simple,99.66913516013109,100.0,57.60878081706557,100,100,synthetic_physics
Custom Polymer,RO,401.6192316129371,60.63861505605332,85.82917879974048,10239.386381378541,0.29314668942856925,-0.17164495681465897,0.04245795282809828,10000,72.36598276980119,0.04345595113632206,Custom contaminant,398.8076619807355,42.51026319923065,2650.2940271142866,5.622045823165834,36.81229386148816,0.001,1000.0,8.634225103294414,17.062578314005314,0.5074869288417946,36.33074647721297,6.548249356795933,36.81229386148816,5.076525315481062,0.7,8,393.9033074954834,523.5674523459821,72.36598276980119,110.20657802710944,24.765509060867775,0.34262798056356325,2.741023844508506,71.66115154676886,Permeability model: J = A × TMP,User-provided baseline rejection,Screening-level approximation; requires experimental validation.,simple,76.17471870505389,100.0,0.0,100,100,synthetic_physics
Custom Polymer,MF,182.44567208125338,57.013231718034966,41.927416194596,82479.27992455424,0.27970523307461637,0.9395431576620201,0.7847220208513513,10000,98.28289199727388,0.12652980045039408,Custom contaminant,150.68288659312623,52.646009063501374,592.9377114677786,8.909364115763545,27.524864475498877,0.001,1000.0,5.416296424266735,46.5503496283514,0.12403419278111807,47.28968026034855,17.444453034668047,27.524864475498877,0.6826005195910746,0.7,8,33.969140502359664,308.80056309028356,98.28289199727388,2.587387904429294,88.99965072523908,0.21493239796030844,1.7194591836824675,80.0,Permeability model: J = A × TMP,User-provided baseline rejection,Screening-level approximation; requires experimental validation.,simple,100.0,100.0,0.0,100,100,synthetic_physics
Custom Polymer,MF,302.94945627103976,81.77422033084632,7.685204127387284,51468.1756251094,0.28099002470411805,0.3258489030738416,0.11867736707884491,10000,96.75886639045831,0.1347356443486361,Custom contaminant,194.1146756769521,32.32658843651046,1804.1414264938248,8.308374019805502,23.279680454807746,0.001,1000.0,3.2945681748273064,6.1034231963407075,0.9997676835452004,39.15140910826155,21.00449610498971,23.279680454807746,4.875522445828233,0.7,8,15.897833257366411,269.4107438233224,96.75886639045831,6.291515994418544,94.09903516402001,0.13073683243900638,1.045894659512051,68.24819438113867,Permeability model: J = A × TMP,User-provided baseline rejection,Screening-level approximation; requires experimental validation.,simple,100.0,52.992777524554704,0.0,100,100,synthetic_physics
Custom Polymer,RO,53.002097558059795,12.287899942120545,93.0335865846982,94775.5579819561,0.32030221322575436,-0.28967022601225634,0.452450234834758,10000,70.76646783535782,0.03255655631414151,Custom contaminant,899.3916300999808,25.330760070564374,2145.2899874851896,4.402934066409838,11.162539945852885,0.001,1000.0,13.143863357023028,17.611777021089758,0.6589047987928013,12.051590162662277,22.821507428022787,11.162539945852885,7.5102932222416445,0.7,8,76.82885814905437,161.5104777840036,70.76646783535782,262.92394147137753,52.43103778579516,0.5215818796642111,4.172655037313689,71.0718565709213,Permeability model: J = A × TMP,User-provided baseline rejection,Screening-level approximation; requires experimental validation.,simple,74.49101877406086,100.0,0.0,100,100,synthetic_physics
Custom Polymer,RO,439.3709441826416,14.51058485040658,32.695935920394064,37150.244338531236,0.476020853828773,-0.4062630289851714,0.06063074218940512,10000,68.40703119879979,0.041909650620955904,Custom contaminant,392.0620785485827,19.695954262002623,859.4994862377329,7.761714042593613,21.64461503734195,0.001,1000.0,7.038591184755943,27.16137600339627,0.7741419354354865,33.41509672609679,14.306708075062254,21.64461503734195,9.665405991144945,0.7,8,56.07540316786535,102.13407461372489,68.40703119879979,123.86405015719082,45.0962831161444,0.2793091742216991,2.2344733937735928,70.20259044166308,Permeability model: J = A × TMP,User-provided baseline rejection,Screening-level approximation; requires experimental validation.,simple,72.00740126189451,100.0,0.0,100,100,synthetic_physics
Custom Polymer,UF,455.80081249359677,79.57358980138626,6.813149483364821,43195.33771119106,0.5888228855080118,0.9734238248963998,0.4583762911615126,10000,54.6299941609243,0.08649133033336583,Custom contaminant,135.2981542027207,75.15195602793933,1572.2632926391557,8.340588210263718,36.08085480635571,0.001,1000.0,12.653170739822988,31.009527133405896,0.757024592485235,68.18412510895006,20.922763977509565,36.08085480635571,0.46065893726054474,0.7,8,164.8362234568236,1006.8582181375776,54.6299941609243,61.384780461936025,83.62865590333789,0.5021099503946638,4.01687960315731,65.12683995402475,Permeability model: J = A × TMP,User-provided baseline rejection,Screening-level approximation; requires experimental validation.,simple,57.50525701149925,100.0,0.0,100,100,synthetic_physics
Custom Polymer,NF,282.53324543091674,22.41066166995759,86.17424318739656,65015.569677734435,0.39415573532270676,-0.6237915437572974,0.3390236259198265,10000,85.1185069575572,0.03463213405568762,Custom contaminant,102.64711588498902,88.8028758227551,2316.2100137823386,5.1987695839487955,18.76934630289975,0.001,1000.0,19.44698950719154,35.701039851196754,0.6144167841716865,28.072136406809776,7.529440887913273,18.76934630289975,0.4912838250332816,0.7,8,335.78413018446895,435.8199023448849,85.1185069575572,15.275423408692834,22.953465783041015,0.7717059334424259,6.173647467539407,76.3594499317316,Permeability model: J = A × TMP,User-provided baseline rejection,Screening-level approximation; requires experimental validation.,simple,89.598428376376,100.0,0.0,100,100,synthetic_physics
Custom Polymer,MF,31.155860277873423,1.4808764399506247,73.22001369823694,94912.93883633797,0.6295521334091173,-0.05671961875124265,0.486045249560873,10000,71.76320749019035,0.05207333173099837,Custom contaminant,526.4970720439818,43.115095714111504,1834.6868521182466,9.388720483006567,39.85028251971431,0.001,1000.0,1.759117139681759,19.84949016040573,0.1888991338091414,31.409035544415026,7.25561593588794,39.85028251971431,1.8279176031052042,0.7,8,1.785363550297258,2.605035127268049,71.76320749019035,148.66588580328218,31.464895363249724,0.0698062357575021,0.5584498860600168,47.92687940233539,Permeability model: J = A × TMP,User-provided baseline rejection,Screening-level approximation; requires experimental validation.,simple,75.5402184107267,5.951211834324193,0.0,100,100,synthetic_physics
Custom Polymer,NF,384.3972661764323,50.13258554009435,92.00531263950535,3742.948103077942,0.14688460919239296,-0.1934528341393118,0.08027732040403712,10000,63.110206861100195,0.14797431274611042,Custom contaminant,216.87001140976793,19.81177414120907,1763.5579395075563,6.9879897447589405,27.413148916085344,0.001,1000.0,7.659358508529225,41.51135563485241,0.14719474592803822,37.129448438109925,16.709403438436045,27.413148916085344,8.695540758800707,0.7,8,32.39606455505037,383.9834456110908,63.110206861100195,80.0028985893718,91.56316114006071,0.30394279820066317,2.4315423856053053,68.25112884356324,Permeability model: J = A × TMP,User-provided baseline rejection,Screening-level approximation; requires experimental validation.,simple,66.43179669589495,100.0,0.0,100,100,synthetic_physics
Custom Polymer,RO,288.19534355593885,7.844854555718889,17.861589723071067,7379.247165378391,0.6095166243989654,-0.42388006255571864,0.7237452901918378,10000,53.3132741242594,0.13006943105920718,Custom contaminant,837.1748961299808,8.892874305028265,168.89386872584092,4.337732877891947,35.60890519440202,0.001,1000.0,4.847129083227537,27.865392575051246,0.43198176114825615,64.66441446714515,11.989110084560759,35.60890519440202,5.05654232254657,0.7,8,7.995090827391737,38.02502267071507,53.3132741242594,390.8495488567202,78.97413264779156,0.19234639234544604,1.5387711387635683,46.30430826158868,Permeability model: J = A × TMP,User-provided baseline rejection,Screening-level approximation; requires experimental validation.,simple,56.119235920273056,26.650302757972455,0.0,100,100,synthetic_physics
Custom Polymer,UF,494.65505035495215,15.862826118176454,83.23968993584721,5649.099687586537,0.43435413870107953,0.7726696478660471,0.6652139656041213,10000,84.19220950637003,0.043181005927190395,Custom contaminant,424.3890434478397,36.658106349905054,1612.1853094581832,6.773367580862009,19.80695055630968,0.001,1000.0,6.248516124949168,13.291791691100984,0.37139677441591085,16.24561084505455,20.994451097083985,19.80695055630968,6.06098197915093,0.7,8,40.03527298599838,99.11912478669038,84.19220950637003,67.08653086615476,59.60893210855481,0.24795698928365006,1.9836559142692005,76.01818244971527,Permeability model: J = A × TMP,User-provided baseline rejection,Screening-level approximation; requires experimental validation.,simple,88.62337842775793,100.0,0.0,100,100,synthetic_physics
Custom Polymer,NF,349.9910737624107,84.91898033179935,24.51603153317363,15484.75913655776,0.10603207999362645,-0.9054993222870298,0.7622513483035116,10000,99.26059796888052,0.011507646759060106,Custom contaminant,750.5902494890937,7.186216584096005,1817.1851922206338,8.536451694569427,20.776131918032128,0.001,1000.0,0.41650747799114196,30.16427825414587,0.9913321818586275,24.321306712887182,4.953045013899572,20.776131918032128,1.3268663382597983,0.7,8,33.409786758653645,35.36939033157714,99.26059796888052,5.549879550107168,5.540393980650538,0.016528074536680475,0.1322245962934438,94.45960601934947,Permeability model: J = A × TMP,User-provided baseline rejection,Screening-level approximation; requires experimental validation.,simple,100.0,100.0,72.29803009674731,100,100,synthetic_physics
Custom Polymer,MF,282.0752537510275,60.04806483666706,79.43481287986984,75430.79072524072,0.7247790463565611,0.6115453966846027,0.24726708307944445,10000,77.73828250330048,0.04812473406856909,Custom contaminant,336.4875257559874,93.19443692299963,2077.4981246945135,9.847542479506636,22.507376101562336,0.001,1000.0,10.841263952408736,24.868655575904665,0.11621418694848965,22.75264958949525,12.899454474205331,22.507376101562336,0.7670056208167618,0.7,8,349.92613730072566,650.9969207256612,77.73828250330048,74.90790239543195,46.2476509242677,0.4302088873445138,3.4416710987561103,73.64041986963701,Permeability model: J = A × TMP,User-provided baseline rejection,Screening-level approximation; requires experimental validation.,simple,81.82977105610577,100.0,0.0,100,100,synthetic_physics
Custom Polymer,RO,70.6834041522517,20.600093895273805,76.76680116992502,10144.986908036713,0.7301946697307866,0.4514019414450712,0.0686208571088589,10000,84.52316835815408,0.09658613861484108,Custom contaminant,759.7759384125194,82.81978524893358,2183.2166332021498,7.517057771625831,19.673899557453332,0.001,1000.0,14.006018504232596,47.89160764690819,0.5916465627235855,54.82586513256904,10.772508991695316,19.673899557453332,7.585596016456436,0.7,8,101.93218278536165,288.5252962861338,84.52316835815408,117.5892428433606,64.67131856463833,0.5557943855332306,4.446355084265845,76.1401146582673,Permeability model: J = A × TMP,User-provided baseline rejection,Screening-level approximation; requires experimental validation.,simple,88.97175616647797,100.0,0.0,100,100,synthetic_physics
Custom Polymer,RO,498.8570222459316,16.878543082705875,21.03812267087247,54174.05698710676,0.43696277808316075,0.1431395690134376,0.04907404772427304,10000,70.1733951708894,0.08953184799950631,Custom contaminant,589.339437791913,65.73339617683736,2188.626484107725,7.849283220045139,33.70729466168305,0.001,1000.0,12.570260566754914,27.33787546432302,0.6101344645989328,12.589502506499926,6.91917870704972,33.70729466168305,5.321257828515499,0.7,8,114.19300812691492,212.16768453681158,70.1733951708894,175.77994521229596,46.17794487590678,0.49881986415917157,3.9905589132733725,70.85335611559083,Permeability model: J = A × TMP,User-provided baseline rejection,Screening-level approximation; requires experimental validation.,simple,73.86673175883095,100.0,0.0,100,100,synthetic_physics
Custom Polymer,RO,342.7352625811166,9.95039976871786,59.63522009399603,22562.929769891347,0.6138115918521061,0.6548817050174944,0.5934562725899734,10000,79.50899422661033,0.054095759265568026,Custom contaminant,451.78752094969633,86.41083538153454,2197.628959804754,7.118521958175059,21.04697158745113,0.001,1000.0,1.1975188181133762,8.007362664992872,0.20109493764397696,33.00376574440061,22.687375706292453,21.04697158745113,5.101018609101612,0.7,8,3.4923458656824273,11.915790970790624,79.50899422661033,92.57580700125634,70.69144738907158,0.047520588058388546,0.38016470446710837,52.20307556804793,Permeability model: J = A × TMP,User-provided baseline rejection,Screening-level approximation; requires experimental validation.,simple,83.69367813327403,11.641152885608092,0.0,100,100,synthetic_physics
Custom Polymer,RO,125.07167999702322,11.469263608689893,34.49224693569344,81665.19823733016,0.36833995538735553,0.545011612044827,0.8027049761268789,10000,55.52995640796534,0.09325566413088364,Custom contaminant,959.5051027373996,40.21380749035539,247.73785810876458,9.539816141547272,36.50998844717449,0.001,1000.0,10.538400654738235,28.060402896856473,0.21962369174836366,66.45880666584779,12.217100902214971,36.50998844717449,0.43539017191130946,0.7,8,38.68232046958169,120.86769512318297,55.52995640796534,426.69233745511855,67.9961461744113,0.41819050250670453,3.3455240200536362,65.45840499240828,Permeability model: J = A × TMP,User-provided baseline rejection,Screening-level approximation; requires experimental validation.,simple,58.45258569259509,100.0,0.0,100,100,synthetic_physics
Custom Polymer,NF,475.74317220332597,83.08589854422928,28.44261588084344,5805.845950867395,0.7582459887767264,0.8741254497594029,0.5324153197128694,10000,82.0516388424096,0.0720770088030672,Custom contaminant,425.5677134277711,11.944843592870036,380.58340524717846,5.396392880057125,35.099222392196324,0.001,1000.0,3.087479554566464,12.108233943820826,0.5531279187289855,21.13484135587058,4.335357090867997,35.099222392196324,5.676830792809826,0.7,8,187.6822744466564,256.5260130280914,82.0516388424096,76.38243017611568,26.836942487347727,0.12251903004112888,0.980152240329031,75.22955115246668,Permeability model: J = A × TMP,User-provided baseline rejection,Screening-level approximation; requires experimental validation.,simple,86.37014614990484,100.0,0.0,100,100,synthetic_physics
Custom Polymer,NF,190.3657027883416,62.989769298206454,91.30832870045896,15523.816577789232,0.7394035618691448,0.8049799348458373,0.8290875833359028,10000,81.50116727357366,0.09492126533250438,Custom contaminant,642.8205333371366,69.04955512178131,147.79838172885536,9.748555474963897,27.568112843967395,0.001,1000.0,15.673023620167948,19.486810114006794,0.022273241776637996,43.230099490733295,12.41896780392433,27.568112843967395,4.426193954283373,0.7,8,303.71482235533375,987.2401420397196,81.50116727357366,118.91429519315855,69.23597315159472,0.6219453822502526,4.975563058002021,75.0267458376324,Permeability model: J = A × TMP,User-provided baseline rejection,Screening-level approximation; requires experimental validation.,simple,85.79070239323543,100.0,0.0,100,100,synthetic_physics
Custom Polymer,NF,132.4147830267638,53.226942575221095,38.15253582965592,97008.22236345596,0.22104911543685202,-0.36066886474582605,0.293960470924571,10000,77.11112789417426,0.07739563726125144,Custom contaminant,647.3030607700304,95.00017705742079,927.1411479322154,8.156629415529979,10.751206090155508,0.001,1000.0,5.395291760125766,23.722266671833047,0.040684840596323116,51.325209541522916,16.44029929744014,10.751206090155508,7.492643976896662,0.7,8,80.45386733888516,287.1748846927777,77.11112789417426,148.16036971674774,71.9843650586104,0.2140988795413492,1.7127910363307937,73.40936290837999,Permeability model: J = A × TMP,User-provided baseline rejection,Screening-level approximation; requires experimental validation.,simple,81.16960830965712,100.0,0.0,100,100,synthetic_physics
Custom Polymer,UF,263.12150737307604,60.79052183288404,40.21045987657023,4604.676734402972,0.16996629904215915,0.30999184840292826,0.9955552995857763,10000,50.78858163424848,0.0858496070398255,Custom contaminant,753.4986653537322,82.67748280138787,1681.0942135456562,7.71949588110463,30.901748358236603,0.001,1000.0,17.207531743929927,6.992187322938114,0.9269203743121148,6.951305266367751,20.15069414750772,30.901748358236603,0.8597302229410029,0.7,8,185.46234913647947,1046.0548341694173,50.78858163424848,370.8073805875792,82.27030332652309,0.6828385618133315,5.462708494506652,63.7115827073547,Permeability model: J = A × TMP,User-provided baseline rejection,Screening-level approximation; requires experimental validation.,simple,53.46166487815629,100.0,0.0,100,100,synthetic_physics
Custom Polymer,NF,11.90813172675498,45.08041384806803,34.10156344502183,17016.294692959218,0.41576311256273446,-0.19525823365563233,0.7676610326987415,10000,94.56720227289462,0.09962225150622686,Custom contaminant,133.16628483925865,29.539079470985065,2748.6230608136116,4.532406958047335,22.205675181724793,0.001,1000.0,18.86159146082293,47.5825772320048,0.4170911452784035,55.0547666074098,11.233521561318977,22.205675181724793,7.559259340419783,0.7,8,277.6792902803876,850.2883488870837,94.56720227289462,7.234654896017915,67.34292659145177,0.7484758522187382,5.987806817749906,79.84054820580329,Permeability model: J = A × TMP,User-provided baseline rejection,Screening-level approximation; requires experimental validation.,simple,99.54442344515223,100.0,0.0,100,100,synthetic_physics
Custom Polymer,MF,25.47485203956927,15.271557743214487,61.805681550816324,23638.95011308483,0.566236609488404,-0.2975541450774033,0.8866455581278214,10000,90.88104333944332,0.07646148100997342,Custom contaminant,775.1661362239092,27.113788623509038,1533.3533527544016,5.184892311179669,35.82658505562982,0.001,1000.0,16.496738808054616,45.205333752041064,0.8787022114120169,76.96971965446211,5.86590144335026,35.82658505562982,9.325060478873624,0.7,8,160.87687629238857,251.9308992819334,90.88104333944332,70.68706400957001,36.142459400205276,0.6546324929068257,5.237059943254605,78.48248965137385,Permeability model: J = A × TMP,User-provided baseline rejection,Screening-level approximation; requires experimental validation.,simple,95.66425614678245,100.0,0.0,100,100,synthetic_physics
Custom Polymer,RO,217.02259111989457,56.47701570081943,34.9176333083775,29211.024192614732,0.26892003658427016,-0.8351440210857464,0.49656489714718743,10000,94.29930761812298,0.09637203554478578,Custom contaminant,525.7658764282157,42.85929182509165,1446.7647163198567,5.255664085431706,34.68807631579291,0.001,1000.0,4.127982672974255,36.11451507963834,0.7623851613811911,48.11517815208007,20.77876981143847,34.68807631579291,2.9813984892614354,0.7,8,31.473006486599274,233.13614223427757,94.29930761812298,29.972295264052214,86.50015987011908,0.1638088363601842,1.3104706908814736,79.74185017509794,Permeability model: J = A × TMP,User-provided baseline rejection,Screening-level approximation; requires experimental validation.,simple,99.2624290717084,100.0,0.0,100,100,synthetic_physics
Custom Polymer,NF,441.992438409003,73.21163550033111,80.07623294841432,66625.68109796775,0.6924401118929786,0.9861977254352718,0.42016285452463864,10000,90.61439261710757,0.11296406513011487,Custom contaminant,458.3414640548978,92.6948999732512,1243.8351957605246,7.392795497657425,13.178270709728846,0.001,1000.0,4.670348842512071,42.19411235615427,0.4025871956005589,34.55630670614437,6.280553927479575,13.178270709728846,4.966942309544798,0.7,8,168.1928483391272,341.92387711738706,90.61439261710757,43.01813028919377,50.80985576173016,0.1853313034225536,1.4826504273804288,78.38424991156595,Permeability model: J = A × TMP,User-provided baseline rejection,Screening-level approximation; requires experimental validation.,simple,95.3835711759027,100.0,0.0,100,100,synthetic_physics
Custom Polymer,NF,448.6304177091324,7.941328772374204,57.90725239277143,46993.70010528729,0.5299972953301049,-0.10544862618346174,0.3986448208534151,10000,73.54684755023152,0.08938987366968004,Custom contaminant,505.973378921459,47.214445102064616,2471.722398878434,8.473887947427146,20.241354825435785,0.001,1000.0,16.051426926803344,42.82888278122051,0.16195728332044862,48.70118462980691,7.204831849581524,20.241354825435785,7.417805987074553,0.7,8,66.94285565665497,127.46965849148545,73.54684755023152,133.8459092813383,47.48330194896809,0.6369613864938288,5.095691091950631,72.09620699219056,Permeability model: J = A × TMP,User-provided baseline rejection,Screening-level approximation; requires experimental validation.,simple,77.4177342634016,100.0,0.0,100,100,synthetic_physics
Custom Polymer,RO,127.00481138575479,67.46894889313015,26.257340949705757,51358.804461279346,0.7640525275413346,-0.237384923087131,0.8757384859632077,10000,99.24853460207434,0.13185337307674866,Custom contaminant,174.20736942610944,81.96582195351631,193.2332457916276,6.359811302195848,36.122001199535916,0.001,1000.0,13.837293812646413,27.104280939556027,0.39398538483179435,65.92227098527145,17.17462249278319,36.122001199535916,4.737212664195166,0.7,8,96.97982488064922,933.5876690646669,99.24853460207434,1.3091081018737285,89.61213519692153,0.5490989612585814,4.392791690068651,80.0,Permeability model: J = A × TMP,User-provided baseline rejection,Screening-level approximation; requires experimental validation.,simple,100.0,100.0,0.0,100,100,synthetic_physics
Custom Polymer,NF,122.67452873112987,17.868759406703862,64.63757266902456,97213.43709882615,0.27307960131473924,-0.500659242132347,0.13949884796218992,10000,92.94212140815425,0.03782764335964344,Custom contaminant,508.14674145763894,99.08724780022045,135.20861267392632,7.338916543064765,25.368671281148373,0.001,1000.0,16.187458052921066,18.40879543808607,0.41623794531005115,17.595348544914774,17.909157943440988,25.368671281148373,7.8686182009626675,0.7,8,146.91136005710237,289.24979335375747,92.94212140815425,35.864380080500446,49.20951944210129,0.6423594470583743,5.138875576466995,79.2418342030042,Permeability model: J = A × TMP,User-provided baseline rejection,Screening-level approximation; requires experimental validation.,simple,97.83381200858342,100.0,0.0,100,100,synthetic_physics
Custom Polymer,RO,76.96502718162682,39.95225032484385,89.39759454090562,769.3737307408223,0.30913134943584264,0.11008457010509543,0.3340938596599533,10000,63.5750549399657,0.07170543531096583,Custom contaminant,189.7078770285968,52.96252409594838,2149.418171808355,7.451769715771013,12.793279925755927,0.001,1000.0,16.91929056047835,9.57391403688692,0.7671638806050174,32.04238330818878,18.894891679318405,12.793279925755927,2.142101743712923,0.7,8,174.3863064600479,675.9637317909986,63.5750549399657,69.10098998222381,74.20182500058058,0.6714004196037215,5.371203356829772,68.42238866209263,Permeability model: J = A × TMP,User-provided baseline rejection,Screening-level approximation; requires experimental validation.,simple,66.92111046312179,100.0,0.0,100,100,synthetic_physics
Custom Polymer,RO,253.5426646465663,4.260665455137689,23.304436539451004,72539.21909234265,0.6861684348137979,-0.8384292721243791,0.8820777094381044,10000,89.79610848225363,0.13110422287750997,Custom contaminant,701.4442690330515,67.41530672939648,1622.770376700105,7.91672334694789,37.57328993699815,0.001,1000.0,2.1903356280508266,16.47245941445847,0.08173042385991311,75.86038789580289,10.963738450985618,37.57328993699815,6.7859102596942655,0.7,8,2.2168510337539424,9.332287345593471,89.79610848225363,71.57461226958154,76.24536245338933,0.08691808054774187,0.695344644381935,54.93015267071296,Permeability model: J = A × TMP,User-provided baseline rejection,Screening-level approximation; requires experimental validation.,simple,94.52221945500382,7.389503445846475,0.0,100,100,synthetic_physics
Custom Polymer,MF,422.1488316071175,99.10902455957236,17.01646332143431,80051.50426896375,0.7211960286957155,-0.9022492462982488,0.7540905601855734,10000,67.70079352770786,0.09904653476321264,Custom contaminant,518.9077140784761,25.974225208663693,492.1419498115595,4.70168339853525,13.099685731254752,0.001,1000.0,12.82824279466464,18.219131718577366,0.2244671038238137,56.89138195294273,16.64096479551197,13.099685731254752,5.437766094334277,0.7,8,244.60381324326372,1271.3946301925748,67.70079352770786,167.60307397085836,80.76098424246025,0.5090572541637791,4.072458033310233,69.94239761547132,Permeability model: J = A × TMP,User-provided baseline rejection,Screening-level approximation; requires experimental validation.,simple,71.2639931870609,100.0,0.0,100,100,synthetic_physics
Custom Polymer,NF,198.85297340629643,83.75043415566,8.438801385287434,74113.19385683119,0.791913189682351,0.6931964325756337,0.5796647193100594,10000,81.27562660992533,0.05622698466835728,Custom contaminant,682.6903660755229,77.0395383181327,2994.8625952417765,6.954777502002598,11.839121973203268,0.001,1000.0,11.997987424473507,6.832183349126261,0.25231739312054896,29.658493347930293,17.67920201898765,11.839121973203268,1.9197004263971555,0.7,8,371.8654349642751,1004.8366557938052,81.27562660992533,127.82949324204861,62.992449288137564,0.4761106124631706,3.808884899705365,74.94365190891986,Permeability model: J = A × TMP,User-provided baseline rejection,Screening-level approximation; requires experimental validation.,simple,85.55329116834245,100.0,0.0,100,100,synthetic_physics
Custom Polymer,RO,91.21894395275274,5.451460007383919,87.45075369903421,69503.78972342804,0.12796252593233856,-0.9434153887237708,0.5586742964750561,10000,64.09846662420688,0.09152532081262968,Custom contaminant,440.2581339241557,92.33125623102546,934.646143387967,8.07487221063336,11.621629348557976,0.001,1000.0,19.126038576940722,49.05711592750926,0.7416838827262483,39.890935367267986,5.6698458241906415,11.621629348557976,8.143911768454851,0.7,8,62.05367206066004,104.2648344018744,64.09846662420688,158.05942089042475,40.48456278031121,0.7589697854064109,6.071758283251287,68.61522454576043,Permeability model: J = A × TMP,User-provided baseline rejection,Screening-level approximation; requires experimental validation.,simple,67.47207013074407,100.0,0.0,100,100,synthetic_physics
Custom Polymer,NF,118.75747938486504,45.670314121569305,46.81709484386172,82727.84972228456,0.5786912790338536,0.28633508708011024,0.6498274225632784,10000,63.4964569611857,0.058898132675282426,Custom contaminant,55.20566258233908,78.69411358121238,1355.6948239924602,6.629430142525441,17.360687948008803,0.001,1000.0,4.3466601728966925,29.80327454888243,0.24022748505163902,9.815663867409832,18.53642427555111,17.360687948008803,3.827047400623023,0.7,8,66.62604071173276,198.5133354759067,63.4964569611857,20.152022800606748,66.43749874435056,0.172486514935477,1.379892119483816,68.39343151201578,Permeability model: J = A × TMP,User-provided baseline rejection,Screening-level approximation; requires experimental validation.,simple,66.83837574861653,100.0,0.0,100,100,synthetic_physics
Custom Polymer,NF,196.3154361106592,43.70050987006334,81.68943751740129,32423.271146011804,0.6306253478804853,0.8790896815590865,0.6608681959247994,10000,71.54088595073353,0.11342950985626638,Custom contaminant,463.31839605387165,41.44272711081408,1623.3211743607815,5.9063340088557625,13.127506488400035,0.001,1000.0,8.41406970941807,7.068987175335795,0.41633705881989225,46.77002909100877,22.3717127583327,13.127506488400035,0.4586010773485055,0.7,8,29.068427710554342,367.6991363838254,71.54088595073353,131.85631074420348,92.09450748336513,0.33389165540275106,2.6711332432220085,70.58085826696026,Permeability model: J = A × TMP,User-provided baseline rejection,Screening-level approximation; requires experimental validation.,simple,75.30619573761423,96.89475903518114,0.0,100,100,synthetic_physics
Custom Polymer,RO,234.29024145853788,3.0058516922097773,25.705269417933316,12289.282609302756,0.25175590201201137,-0.45085951307816363,0.4013063353821963,10000,76.39906573509563,0.005143549119325985,Custom contaminant,170.2506670224534,9.356638560880072,1694.052857861957,5.974449222407619,26.45193208104154,0.001,1000.0,4.592101383058622,2.1872383502916586,0.9419532322575443,13.123109089174552,3.481180577100345,26.45193208104154,1.550813582450391,0.7,8,13.558220828042227,13.803175713065617,76.39906573509563,40.180748009530454,1.7746270142132814,0.18222624550525013,1.457809964042001,77.67091456068171,Permeability model: J = A × TMP,User-provided baseline rejection,Screening-level approximation; requires experimental validation.,simple,80.42006919483751,45.194069426807424,91.1268649289336,100,100,synthetic_physics
Custom Polymer,NF,490.8254967567036,62.14836377682961,61.41870521868121,98676.4710510937,0.16190713849225835,0.9490017850845782,0.2040131465540409,10000,81.09126802774557,0.06591211696890478,Custom contaminant,390.1122953424064,93.12433284794625,532.7604124767437,9.982414066457462,21.373751832746457,0.001,1000.0,13.045743096993377,48.427429842684646,0.06702503987518503,74.21482721938929,13.843567555827066,21.373751832746457,7.073529101876778,0.7,8,325.55373343164524,810.7715877310081,81.09126802774557,73.76528831710525,59.846430442545916,0.5176882185488084,4.141505748390467,74.87573032601152,Permeability model: J = A × TMP,User-provided baseline rejection,Screening-level approximation; requires experimental validation.,simple,85.35922950289007,100.0,0.0,100,100,synthetic_physics
Custom Polymer,RO,271.3598411072058,67.67785775779913,46.1684834313805,15921.025221552643,0.27088335255990365,0.708785581986997,0.03447099283276278,10000,85.37221771419655,0.1499115552946064,Custom contaminant,17.40816614569895,16.10456828199399,2055.01847259009,4.359945007512089,27.693699515675767,0.001,1000.0,13.743202050508911,29.81917105758944,0.37153285599085656,57.29617219899792,14.465919058324781,27.693699515675767,2.1556080037298058,0.7,8,106.34568242317607,930.1104735110355,85.37221771419655,2.5464286437437837,88.566338574628,0.5453651611707727,4.362921289366182,76.45292231575662,Permeability model: J = A × TMP,User-provided baseline rejection,Screening-level approximation; requires experimental validation.,simple,89.8654923307332,100.0,0.0,100,100,synthetic_physics
Custom Polymer,MF,285.9364163567038,88.30881449675383,67.01649528335454,47443.25498568779,0.3251088720086158,-0.8282275811248543,0.2446271327590287,10000,50.55821897903515,0.14806075804111984,Custom contaminant,230.25742960745256,81.48759426853726,589.0701572344379,5.701606897633443,22.548319576851,0.001,1000.0,6.623232150003782,40.11918982523319,0.9581164739352689,70.64708627381364,4.109079873272279,22.548319576851,7.789217895857973,0.7,8,318.3113325911619,584.88977930362,50.55821897903515,113.84337413101898,45.57755258261669,0.26282667282945904,2.1026133826356723,63.626712255434,Permeability model: J = A × TMP,User-provided baseline rejection,Screening-level approximation; requires experimental validation.,simple,53.219177872668574,100.0,0.0,100,100,synthetic_physics
Custom Polymer,MF,457.55674221542967,52.26997899118926,34.301727717613964,16124.036984752183,0.10826636172530324,-0.5041060166782305,0.9140200632813119,10000,89.78338339438416,0.1456200876238543,Custom contaminant,109.75390591015932,59.217874350566944,845.7363746892522,7.257650234634444,19.613646566903654,0.001,1000.0,5.812617894818479,29.118419799205277,0.1914849802508449,40.18500777290876,15.794088228534818,19.613646566903654,1.3690025245097603,0.7,8,30.463118814014784,303.8254152459727,89.78338339438416,11.213135776529317,89.97347908194175,0.23065944045510214,1.8452755236408172,78.07808861898363,Permeability model: J = A × TMP,User-provided baseline rejection,Screening-level approximation; requires experimental validation.,simple,94.50882462566753,100.0,0.0,100,100,synthetic_physics
Custom Polymer,MF,465.991192729683,51.06674524595835,82.13326921654988,65563.5903467958,0.5970006588557819,0.43226188198567606,0.8750998970614726,10000,80.61891120884152,0.045341486999601485,Custom contaminant,108.51454643680259,60.625061945014146,292.4231309346851,5.447760710137182,11.821215538057352,0.001,1000.0,11.067974262330027,8.856568122200533,0.6143032462391386,64.31488481474507,19.814196938138764,11.821215538057352,3.1644807305625116,0.7,8,230.16215701986565,565.2054220432314,80.61891120884152,21.031300596239603,59.278140647019306,0.43920532822160346,3.5136426257728277,74.70170412957319,Permeability model: J = A × TMP,User-provided baseline rejection,Screening-level approximation; requires experimental validation.,simple,84.86201179878056,100.0,0.0,100,100,synthetic_physics
Custom Polymer,RO,285.8752724423159,47.81583103326249,65.85627525105171,21403.668820441588,0.785470267710756,-0.8038403458181351,0.8292211412031192,10000,79.64538974886428,0.040503938343088804,Custom contaminant,748.2182506536968,8.448089567707196,2345.811719901471,7.539911333458081,13.322509551892047,0.001,1000.0,1.7742101492289304,37.79098033838666,0.3000065474387988,71.69763880754101,18.408715994209135,13.322509551892047,7.0120834227053885,0.7,8,40.24905872055272,84.83533271302997,79.64538974886428,152.2969087484258,52.556255237776874,0.07040516470826583,0.5632413176661266,74.34303832852895,Permeability model: J = A × TMP,User-provided baseline rejection,Screening-level approximation; requires experimental validation.,simple,83.83725236722556,100.0,0.0,100,100,synthetic_physics
Custom Polymer,NF,146.51696579039097,71.18550738314018,94.86662076696857,9610.203519871608,0.32831384940249625,-0.5306554690768117,0.3932501344006667,10000,87.04239947721193,0.07376517430668104,Custom contaminant,575.0233000590438,31.415488807834237,509.7388745525916,5.601601893626372,35.79040903725961,0.001,1000.0,12.127855850637527,19.521444986664452,0.7920069219182317,9.834307434118157,6.466440566176064,35.79040903725961,2.378021225167659,0.7,8,535.8188177626906,863.3275721972175,87.04239947721193,74.50922213460387,37.9356301109437,0.48126412144205605,3.8501129715364484,77.06825243897282,Permeability model: J = A × TMP,User-provided baseline rejection,Screening-level approximation; requires experimental validation.,simple,91.62357839706519,100.0,0.0,100,100,synthetic_physics
Custom Polymer,MF,355.98830537245254,62.16080770246686,1.493511564152817,18838.84520794081,0.5448789050811549,-0.24056134703666854,0.9242803836790608,10000,88.15973853517372,0.06987069055659739,Custom contaminant,752.0198277628878,97.54043238262216,1436.8443916342649,7.8551553273312,37.55993845183885,0.001,1000.0,5.123758308316231,44.44133776964764,0.10656925970525283,53.633612794073485,18.896696643810934,37.55993845183885,6.1846015705990185,0.7,8,85.05411241009246,318.49695491716216,88.15973853517372,89.0411138744622,73.29515679915552,0.20332374255616023,1.6265899404492818,77.47990367085347,Permeability model: J = A × TMP,User-provided baseline rejection,Screening-level approximation; requires experimental validation.,simple,92.79972477386707,100.0,0.0,100,100,synthetic_physics
Custom Polymer,RO,252.8120540347461,62.117362892642916,16.014707169165014,21949.285677856726,0.2889295407694394,0.19555868126007625,0.4419010737450705,10000,62.1993445400434,0.13300735316096413,Custom contaminant,380.18262189029116,44.60317192298911,1288.1331219920842,5.091657731660516,31.948810462907,0.001,1000.0,9.079473592923387,1.7965983847432039,0.964373565336199,66.18227086965602,17.503644821157376,31.948810462907,8.704009518133438,0.7,8,54.977735479303696,563.9929560457905,62.1993445400434,143.7115230193785,90.25205281556033,0.3602965714359907,2.8823725714879256,67.91554798843704,Permeability model: J = A × TMP,User-provided baseline rejection,Screening-level approximation; requires experimental validation.,simple,65.47299425267727,100.0,0.0,100,100,synthetic_physics
Custom Polymer,MF,175.36995612837495,61.484909163253164,61.27197311135382,27096.3170466544,0.2553665760129471,-0.7721854903619558,0.6593141959164528,10000,88.96785765243592,0.11533818202996554,Custom contaminant,323.1126234131246,20.525985046520223,1415.4811175184036,7.280880761443063,37.57261383905667,0.001,1000.0,17.521498454626272,45.88685823378955,0.8517597612846198,77.34359033272334,11.43924993347285,37.57261383905667,0.5699876245876343,0.7,8,287.9647521312048,1077.307740886777,88.96785765243592,35.646244557884565,73.26996352089989,0.6952975582795029,5.562380466236023,77.77763176668691,Permeability model: J = A × TMP,User-provided baseline rejection,Screening-level approximation; requires experimental validation.,simple,93.65037647624834,100.0,0.0,100,100,synthetic_physics
Custom Polymer,RO,50.94539575275434,39.63733803546197,26.51102203602673,17409.088840426197,0.7672426421560541,-0.6091608231787551,0.959379272315231,10000,87.96585813202825,0.0979371224581574,Custom contaminant,679.2587704884845,33.1474323659124,1974.6384103690182,5.120152709687591,38.13116297607938,0.001,1000.0,6.175508131219752,13.504139102383567,0.714051170212216,54.23365385496364,11.105524581067673,38.13116297607938,6.361217723438784,0.7,8,82.49350809105657,244.78070333790137,87.96585813202825,81.74296409122492,66.29901500970014,0.2450598466730222,1.9604787733841775,77.40847404864198,Permeability model: J = A × TMP,User-provided baseline rejection,Screening-level approximation; requires experimental validation.,simple,92.5956401389771,100.0,0.0,100,100,synthetic_physics
Custom Polymer,MF,339.930870626958,27.790458824324194,28.010761690969275,16636.903526906564,0.33266399452531525,-0.33749787937734377,0.45417901170226926,10000,59.50193328285084,0.03298609274302111,Custom contaminant,546.3211859465961,12.887740467047514,2097.801323167622,9.663682755175579,22.803868649931346,0.001,1000.0,18.0418852003834,5.817512965167357,0.05252805110188812,59.102665813537996,18.38400696506517,22.803868649931346,8.446276585560938,0.7,8,273.4099194889745,501.39226777443895,59.50193328285084,221.249518374573,45.46985722325234,0.715947825984798,5.727582607878384,66.92176489368188,Permeability model: J = A × TMP,User-provided baseline rejection,Screening-level approximation; requires experimental validation.,simple,62.63361398194826,100.0,0.0,100,100,synthetic_physics
Custom Polymer,MF,37.84066241599089,77.91379844072621,38.277334546861596,30682.094451878762,0.22111674494030786,0.9920315102050541,0.06366358931886362,10000,91.26769992893918,0.09772669314612649,Custom contaminant,737.7296398192485,71.17171199217964,2589.460006712229,5.10275241913665,10.024738505040562,0.001,1000.0,12.05086408305667,18.339073326843362,0.1325494578059663,18.96040655781791,8.296108842791739,10.024738505040562,0.795310371778362,0.7,8,417.37627358847254,938.9285952038642,91.26769992893918,64.42076586217294,55.54760226491451,0.47820889256735566,3.8256711405388453,78.62494207908284,Permeability model: J = A × TMP,User-provided baseline rejection,Screening-level approximation; requires experimental validation.,simple,96.07126308309387,100.0,0.0,100,100,synthetic_physics
Custom Polymer,RO,458.8528648678976,31.898172186015923,98.24083904988491,96454.51732887479,0.19979989762897968,0.4298486057923818,0.6008048891270692,10000,84.46328894794718,0.018947695002098842,Custom contaminant,196.67447784821246,7.66386614508815,1851.9891951295065,9.919546455094547,30.159536129738242,0.001,1000.0,14.273078393434206,49.24466703562077,0.6812314386300782,8.013617947135275,20.874631620130042,30.159536129738242,3.7103150747500835,0.7,8,306.5551548466039,455.28511221826784,84.46328894794718,30.5567453364104,32.66743264391246,0.5663920001925662,4.5311360015405295,76.1180538229279,Permeability model: J = A × TMP,User-provided baseline rejection,Screening-level approximation; requires experimental validation.,simple,88.90872520836545,100.0,0.0,100,100,synthetic_physics
Custom Polymer,MF,12.138174542210528,51.21618357852124,93.7644850867501,26104.403375900827,0.44405922113698804,-0.6524462244352185,0.0576926716664401,10000,54.019192840984346,0.11041658136439654,Custom contaminant,865.4337260347276,14.32988392524911,936.1238466503593,5.170176805868964,10.805673307792837,0.001,1000.0,11.157941123762274,35.29618633674473,0.6513987060762197,34.10401604766857,13.542740779587776,10.805673307792837,1.0315831356986245,0.7,8,128.10674750512536,571.4671609529402,54.019192840984346,397.93341265711194,77.58283305527071,0.44277544177335826,3.542203534186866,64.90180788878371,Permeability model: J = A × TMP,User-provided baseline rejection,Screening-level approximation; requires experimental validation.,simple,56.862308253667734,100.0,0.0,100,100,synthetic_physics
Custom Polymer,NF,466.57936358096185,76.38926703416979,92.35117048669157,91709.68830768704,0.5545748319754185,0.8564772962243303,0.4167041030824632,10000,50.18045061476855,0.01407281179769311,Custom contaminant,118.39245244380706,9.535345318286026,1119.936933465764,8.207624842656145,33.71946419801485,0.001,1000.0,11.886222832023568,8.175372553291998,0.7504225861266935,31.610143935319922,0.8053436937872118,33.71946419801485,2.8778273432742187,0.7,8,897.7473995102911,907.9798499430942,50.18045061476855,58.982586313629106,1.1269468626913248,0.4716755095846249,3.773404076676999,82.36058757432866,Permeability model: J = A × TMP,User-provided baseline rejection,Screening-level approximation; requires experimental validation.,simple,52.82152696291427,100.0,94.36526568654338,100,100,synthetic_physics
Custom Polymer,MF,171.99427152907916,28.15030798659219,81.37514516557097,76112.67656061199,0.586886421288849,-0.7219898429754694,0.807833909706282,10000,83.79108048699986,0.03325146453980182,Custom contaminant,651.6129909787012,48.3511641003681,1374.1151793830527,4.672738980834333,25.54912827535496,0.001,1000.0,2.1786498176528,9.048415975459065,0.1412208511320151,76.55812093025057,7.194320225431417,25.54912827535496,3.6165228036004766,0.7,8,48.2811853158733,61.32966336185924,83.79108048699986,105.61942524399055,21.275965545411346,0.08645435791252859,0.6916348633002287,75.87039807415783,Permeability model: J = A × TMP,User-provided baseline rejection,Screening-level approximation; requires experimental validation.,simple,88.20113735473669,100.0,0.0,100,100,synthetic_physics
Custom Polymer,NF,450.14271813729044,56.73362522215396,91.99682999439786,30342.528129875605,0.1803842721023643,0.11243690544834917,0.3455369917900175,10000,90.01515099118834,0.1325163942921905,Custom contaminant,477.84777579800107,97.13590240855083,1703.737718398777,5.625522360317875,24.669265460328234,0.001,1000.0,0.9387437895779667,40.39605685289031,0.11042070034587674,28.15613663772537,13.78493885461617,24.669265460328234,0.5254537439042989,0.7,8,8.571339215697897,53.25833833754092,90.01515099118834,47.71237890539532,83.90610844564014,0.03725173771146674,0.2980139016917339,60.30625936071237,Permeability model: J = A × TMP,User-provided baseline rejection,Screening-level approximation; requires experimental validation.,simple,94.75279051704035,28.571130718992986,0.0,100,100,synthetic_physics
Custom Polymer,UF,48.865280598909635,69.91551940368826,8.105932213016105,47969.74519161396,0.3370869433945253,-0.5438411840871671,0.18877889786366542,10000,88.09422355725572,0.14297361800679095,Custom contaminant,148.77794478129843,95.9681219174127,1824.8112600778009,7.8499624321795425,31.297791344277456,0.001,1000.0,14.141554029020703,41.17074430109872,0.4886339648342205,45.001894063602585,8.109934557890274,31.297791344277456,1.142050178452859,0.7,8,310.1011453144955,988.714095114303,88.09422355725572,17.71316950177093,68.6359133700177,0.5611727793783313,4.489382235026651,77.45576657372578,Permeability model: J = A × TMP,User-provided baseline rejection,Screening-level approximation; requires experimental validation.,simple,92.73076163921654,100.0,0.0,100,100,synthetic_physics
Custom Polymer,NF,26.46888490126295,28.28787005725346,10.328756580163926,19477.352153610445,0.5471116390281666,0.25695326040983635,0.42105491299571207,10000,54.49958162682561,0.06783921788661422,Custom contaminant,359.2174231397105,72.04591528559497,1779.17716377725,6.949394604021994,24.609462469149854,0.001,1000.0,19.332678367756294,38.05841686346908,0.5020097648555265,40.94169596667332,1.122258880666641,24.609462469149854,9.430841706866087,0.7,8,506.79002803639577,546.880293525765,54.49958162682561,163.44543039790443,7.330720445402273,0.7671697771120015,6.137358216896012,77.74807278553348,Permeability model: J = A × TMP,User-provided baseline rejection,Screening-level approximation; requires experimental validation.,simple,57.36798065981643,100.0,63.34639777298864,100,100,synthetic_physics
Custom Polymer,NF,166.39524616599152,26.337969106193633,99.94148361337946,72009.62231470019,0.1331546413095016,-0.8762290459488471,0.02550156396019787,10000,79.92098308569217,0.015376852508983012,Custom contaminant,934.0544732764813,93.69065400226779,1683.5567935694314,7.699833588375705,18.756832045757495,0.001,1000.0,1.466656339683812,37.13556181439896,0.11076812886152727,11.416823076379485,7.813743066299259,18.756832045757495,0.2234100323950324,0.7,8,34.255462010265326,38.628749363995276,79.92098308569217,187.54895567803354,11.321327834149775,0.05820064844671179,0.46560518757369435,83.12324488163155,Permeability model: J = A × TMP,User-provided baseline rejection,Screening-level approximation; requires experimental validation.,simple,84.12735061651807,100.0,43.39336082925113,100,100,synthetic_physics
Custom Polymer,RO,356.7636459392376,80.33354421077196,60.82642307609321,84763.9832098343,0.3845515426369772,0.6975441701209533,0.5064733104983793,10000,61.12950278711494,0.14190111876576755,Custom contaminant,282.2211650987453,2.620148418779311,803.7547245695781,6.200125367544566,20.540490498677922,0.001,1000.0,10.588416686982718,44.27321721976025,0.29941484483860215,44.057795596937666,8.493265411679264,20.540490498677922,8.235553287794684,0.7,8,254.8675616577667,850.6050400458017,61.12950278711494,109.70077011387953,70.03690906368918,0.42017526569259733,3.3614021255407787,67.52139576367392,Permeability model: J = A × TMP,User-provided baseline rejection,Screening-level approximation; requires experimental validation.,simple,64.34684503906836,100.0,0.0,100,100,synthetic_physics
Custom Polymer,UF,87.22474151135441,11.247516562695791,50.79653007052257,67352.81478366644,0.6568676407635365,0.17924970581063282,0.7738497613190006,10000,69.5962319221901,0.009765812188638,Custom contaminant,124.93831482254097,3.872260122899618,1053.9365863818286,6.972948047612094,20.689524509708182,0.001,1000.0,11.299869606314564,24.549848276146598,0.6811633738453009,55.02216226725547,7.974507457053968,20.689524509708182,3.5275231080748064,0.7,8,117.57318591791507,127.09547055332582,69.5962319221901,37.985955478969345,7.492229734037192,0.4484075244188278,3.5872601953506225,83.14848728992757,Permeability model: J = A × TMP,User-provided baseline rejection,Screening-level approximation; requires experimental validation.,simple,73.25919149704221,100.0,62.53885132981404,100,100,synthetic_physics
Custom Polymer,UF,302.2519092665125,32.15529145007618,33.70147069176709,69557.47881202164,0.5531875760132487,-0.7298983906404506,0.44104187967539343,10000,94.54603332765845,0.010264323035148907,Custom contaminant,856.6123070193715,16.31781570641436,1571.0210341389761,6.546018573538069,10.303880120243765,0.001,1000.0,18.324859354374713,23.291336139380977,0.9547255939930088,26.50579257344134,20.85748067527535,10.303880120243765,9.231656782556742,0.7,8,475.6811024049715,589.2411933215736,94.54603332765845,46.71934973601258,19.272259340264352,0.7271769590886747,5.817415672709398,80.56048978045192,Permeability model: J = A × TMP,User-provided baseline rejection,Screening-level approximation; requires experimental validation.,simple,99.52214034490363,100.0,3.6387032986782364,100,100,synthetic_physics
Custom Polymer,NF,282.8478840216825,21.065100998904033,68.83949577846629,55123.317619681286,0.7611707660968382,-0.12145587637901634,0.268513647639822,10000,56.90052137455594,0.10630186745956852,Custom contaminant,974.3685227907764,2.8343770571398474,2247.2915288565678,9.561582175358,12.24344602682048,0.001,1000.0,2.3813668931014367,34.905897824035726,0.6514837421368305,10.162056148718428,20.108934675552177,12.24344602682048,5.281896093664434,0.7,8,5.916085689283198,50.163734118628064,56.90052137455594,419.9477532132657,88.20644875580288,0.09449868630978295,0.7559894904782636,45.89342138783556,Permeability model: J = A × TMP,User-provided baseline rejection,Screening-level approximation; requires experimental validation.,simple,59.89528565742731,19.720285630943994,0.0,100,100,synthetic_physics
Custom Polymer,UF,440.21553168642515,81.43826913596641,52.07399072819771,25545.208854068507,0.4541828527377928,-0.7983772443964399,0.6588461484734262,10000,56.68546323952748,0.07912007956260485,Custom contaminant,63.838154425149604,29.951249027464588,773.0333359423847,7.720189256270023,33.60360136067526,0.001,1000.0,1.3345984999024176,42.66390057261383,0.8621600180050585,30.67018057160171,15.98659555030257,33.60360136067526,4.0858690138641505,0.7,8,30.680126047243323,108.68739182351013,56.68546323952748,27.65120086568864,71.77213885391357,0.05296025797500383,0.42368206380003065,65.88411803561539,Permeability model: J = A × TMP,User-provided baseline rejection,Screening-level approximation; requires experimental validation.,simple,59.66890867318681,100.0,0.0,100,100,synthetic_physics
Custom Polymer,RO,85.55353227291944,53.33757943774793,9.549607775658068,87907.97946190079,0.747002831586726,0.6432262740228072,0.5625281207559786,10000,77.8241696971602,0.14776806960713482,Custom contaminant,255.42267293287105,7.594836590520748,1729.6286784434155,5.972713586860619,19.670163184241325,0.001,1000.0,0.34029001256497127,30.215731067848715,0.27139336525285795,19.089391114451075,1.4501503877355875,19.670163184241325,3.707179607108552,0.7,8,14.6493822538295,18.150245577056396,77.8241696971602,56.642098504570995,19.28824218032792,0.013503571937984257,0.10802857550387406,61.59163888453639,Permeability model: J = A × TMP,User-provided baseline rejection,Screening-level approximation; requires experimental validation.,simple,81.9201786285897,48.83127417943167,3.5587890983604042,100,100,synthetic_physics
Custom Polymer,MF,174.96869572271245,68.22834680183978,75.89814937678882,33146.030514424856,0.6751485145084289,0.3837593193338982,0.5592422287009515,10000,50.049523956126386,0.01008816105880718,Custom contaminant,990.9571856650027,78.22839235035593,2818.9392504415464,9.413819229508166,10.613289494282526,0.001,1000.0,15.878576337863263,23.106141456546574,0.7916626219606492,5.503683812253886,7.27268357821326,10.613289494282526,7.538105380333891,0.7,8,1006.730185626919,1083.3690130992218,50.049523956126386,494.9878316306414,7.0741203177909,0.6301022361335764,5.040817889068611,76.3651779818346,Permeability model: J = A × TMP,User-provided baseline rejection,Screening-level approximation; requires experimental validation.,simple,52.683709427501455,100.0,64.6293984110455,100,100,synthetic_physics
Custom Polymer,RO,398.580186414779,62.351745520247775,30.82436275518011,31381.07783314236,0.7767347745494229,-0.12157564153159095,0.44712555024383704,10000,77.5614042370109,0.06437783884533636,Custom contaminant,557.14484895144,43.233542276755784,2497.473266846341,9.454306118789704,37.963307794460846,0.001,1000.0,11.373064875421854,22.66527931576027,0.7081876582039196,67.87426934719299,13.730082688559863,37.963307794460846,7.029812116040387,0.7,8,292.98647458127135,709.1304468975719,77.5614042370109,125.01548047052985,58.68369834307921,0.4513120985920756,3.610496788736605,73.57525419258296,Permeability model: J = A × TMP,User-provided baseline rejection,Screening-level approximation; requires experimental validation.,simple,81.64358340737991,100.0,0.0,100,100,synthetic_physics
Custom Polymer,MF,341.4329505914705,74.86722201720164,21.65588792304384,50088.26742866885,0.5117879882235611,-0.9950441382859538,0.855962508813682,10000,80.44022297140111,0.023724768096239475,Custom contaminant,818.1935018500689,71.70569664405446,2299.0686760445474,6.352254771171137,35.62607520084976,0.001,1000.0,8.397746126220772,28.954948494333976,0.010635880662874988,53.36548360083967,17.377131115006513,35.62607520084976,5.714382718339044,0.7,8,416.30206607115497,628.7159236758656,80.44022297140111,160.03682462435862,33.78534718236603,0.3332438941642448,2.6659511533139586,74.63587162104251,Permeability model: J = A × TMP,User-provided baseline rejection,Screening-level approximation; requires experimental validation.,simple,84.67391891726433,100.0,0.0,100,100,synthetic_physics
Custom Polymer,NF,253.31382035137187,81.18371089745912,68.45589899935894,28168.366952142285,0.7713513366559901,0.4145343883906816,0.9879389289124246,10000,98.46593968181654,0.13824190980746304,Custom contaminant,757.8178258130545,60.942936849696736,599.2949246804802,7.260108504542546,32.96129567182982,0.001,1000.0,10.512971742370242,43.54371729187723,0.11855934019978127,33.57052610364755,12.390163836950945,32.96129567182982,4.38002042910417,0.7,8,153.92794593766916,853.4820586057428,98.46593968181654,11.625382549918731,81.96471215937129,0.41718141868177067,3.3374513494541653,80.0,Permeability model: J = A × TMP,User-provided baseline rejection,Screening-level approximation; requires experimental validation.,simple,100.0,100.0,0.0,100,100,synthetic_physics
Custom Polymer,NF,85.22886408186896,83.92411199269323,48.95404166094365,5347.881461896401,0.11154388128435494,-0.05304919601134683,0.1643787259244437,10000,85.18578470536117,0.12032190206652393,Custom contaminant,236.01374137253453,59.217694488178076,547.8894661076195,5.821495909566322,36.663864825443,0.001,1000.0,10.973142211349753,44.4085460620658,0.2329953261377119,29.751825743649952,11.5673752537352,36.663864825443,4.852792744425974,0.7,8,228.9617684098115,920.911215857066,85.18578470536117,34.96358377185935,75.13747639649245,0.4354421515923915,3.483537212739132,76.38423647039622,Permeability model: J = A × TMP,User-provided baseline rejection,Screening-level approximation; requires experimental validation.,simple,89.66924705827492,100.0,0.0,100,100,synthetic_physics
Custom Polymer,MF,498.8475039200132,12.330086578141879,85.34453852455748,86436.36292247608,0.4872390420764512,-0.3119256634816925,0.5192261042882962,10000,64.59413846984754,0.12087058002379122,Custom contaminant,503.29636712322684,92.58421788774506,1905.804898632527,7.0859159986881,31.332080619329567,0.001,1000.0,10.177872695718639,45.32081117055291,0.19260150127797288,78.00115128094292,19.58647796850301,31.332080619329567,8.62126028246221,0.7,8,11.76147554980203,125.4940515195171,64.59413846984754,178.19641482993748,90.6278621118764,0.40388383745479917,3.2310706996383933,53.59907011372622,Permeability model: J = A × TMP,User-provided baseline rejection,Screening-level approximation; requires experimental validation.,simple,67.99382996826057,39.2049184993401,0.0,100,100,synthetic_physics
Custom Polymer,MF,420.22875917542274,31.37063427414331,76.43286967785335,14474.790759707752,0.31493634117375613,-0.10853467328053434,0.32231971814342186,10000,69.31215406964677,0.12391518799363621,Custom contaminant,264.1091332207459,74.52811721545723,313.76500042379035,8.594434645090365,33.76069728489319,0.001,1000.0,8.153635754949144,36.40141333520605,0.9159870197076482,65.05347301658952,9.675492994328557,33.76069728489319,4.893713791372638,0.7,8,77.12254424487875,255.784725273088,69.31215406964677,81.04940389077386,69.84865137566794,0.32355697466158945,2.5884557972927156,70.53605676250143,Permeability model: J = A × TMP,User-provided baseline rejection,Screening-level approximation; requires experimental validation.,simple,72.96016217857554,100.0,0.0,100,100,synthetic_physics
Custom Polymer,UF,391.88519694504464,29.966864395063233,80.58439129057848,33143.07868481365,0.6641934076698767,-0.8263991132985533,0.044397296910590134,10000,99.78400482375415,0.13107128286902991,Custom contaminant,884.0190284315419,95.12799476066175,1371.1172973020148,5.721013328080913,13.900749850537089,0.001,1000.0,10.123940844061597,11.782367703353783,0.9361953481719265,5.3002371832084325,3.8651233369633573,13.900749850537089,2.5401109455259254,0.7,8,182.7992536930476,303.3827624176359,99.78400482375415,1.9094384585075899,39.74632828960577,0.40174368460955356,3.2139494768764285,80.0,Permeability model: J = A × TMP,User-provided baseline rejection,Screening-level approximation; requires experimental validation.,simple,100.0,100.0,0.0,100,100,synthetic_physics
Custom Polymer,NF,120.63143392405804,65.94871290105667,33.42369575300177,61694.92599938564,0.723180553552404,0.20511353105140406,0.6945327912863815,10000,68.23861458124573,0.028162077805292826,Custom contaminant,327.3782218254071,96.4282648704108,1903.2530149140975,5.665066716604091,23.527458014863114,0.001,1000.0,16.743158141133687,33.753734964582904,0.5650463123218765,71.38721574753808,16.30232994709457,23.527458014863114,6.463024334831845,0.7,8,697.6793295515228,1104.1897293066152,68.23861458124573,103.97985881103186,36.81526724672253,0.6644110378781037,5.31528830302483,70.14054221414317,Permeability model: J = A × TMP,User-provided baseline rejection,Screening-level approximation; requires experimental validation.,simple,71.83012061183761,100.0,0.0,100,100,synthetic_physics
Custom Polymer,MF,102.98638723327639,11.53247961822837,96.5490695886825,60086.40782498509,0.3909783864025004,0.17804164182043514,0.06181196107171538,10000,91.02415096781493,0.03641360265682871,Custom contaminant,806.5005462547675,53.43784432636106,902.058839605018,4.181259689452423,34.47500065979817,0.001,1000.0,3.6939108010922723,3.538450666353799,0.758318953517622,31.25324167797341,9.649349131403774,34.47500065979817,2.545969114079118,0.7,8,29.978652303013792,42.59995102515026,91.02415096781493,72.39027147557584,29.627495850136253,0.14658376206537307,1.1726700965229846,78.51742376696961,Permeability model: J = A × TMP,User-provided baseline rejection,Screening-level approximation; requires experimental validation.,simple,95.81489575559466,99.92884101004597,0.0,100,100,synthetic_physics
Custom Polymer,UF,155.6914677922007,21.80906440535136,31.615722907279455,20713.382729155997,0.32235865456364526,-0.8341275542636539,0.15853002911945835,10000,70.81093888146778,0.13252269406053208,Custom contaminant,66.71783925506298,21.267470676003065,2734.202459070629,9.34008804495953,30.383524998878237,0.001,1000.0,4.961376371085712,21.5707174917335,0.2191087844935854,14.644138184390243,9.42996227107645,30.383524998878237,5.800633890196466,0.7,8,31.01046949600303,108.20297681619671,70.81093888146778,19.474310877124417,71.34046547658276,0.1968800148831275,1.57504011906502,71.08824064054076,Permeability model: J = A × TMP,User-provided baseline rejection,Screening-level approximation; requires experimental validation.,simple,74.53783040154502,100.0,0.0,100,100,synthetic_physics
Custom Polymer,RO,186.36701097775457,61.471630496131006,30.329218802551242,34912.12751219863,0.6534715141512267,0.7566294617877161,0.32203408153105206,10000,78.5186384871293,0.04533353116437886,Custom contaminant,62.801295290353245,73.7857181360408,595.910101384836,6.554275142481503,24.611364801374705,0.001,1000.0,3.8525373667462977,5.633212182506417,0.3545328845243599,76.42144306627388,14.955686364727903,24.611364801374705,3.875961261188735,0.7,8,120.21883286692996,236.82175348116596,78.5186384871293,13.490573276086222,49.23657514574954,0.15287846705667968,1.2230277364534374,73.92791944262657,Permeability model: J = A × TMP,User-provided baseline rejection,Screening-level approximation; requires experimental validation.,simple,82.65119840750452,100.0,0.0,100,100,synthetic_physics
Custom Polymer,NF,304.1339078816301,10.133506452601885,54.71186303370511,75319.07557303843,0.3965097438063505,-0.4011770103669512,0.0473842338175986,10000,51.236415970563684,0.06735385259860058,Custom contaminant,884.5118179959381,24.40627787931904,1764.7609667672818,8.105834918078571,11.824896025040843,0.001,1000.0,3.231387440906867,17.232562877558784,0.6733922424070848,37.927633417107266,17.753584103128766,11.824896025040843,8.689218869174606,0.7,8,9.904475346842581,32.74528548328643,51.236415970563684,431.3196636187441,69.75297298324689,0.12822966045603082,1.0258372836482466,47.13030376064666,Permeability model: J = A × TMP,User-provided baseline rejection,Screening-level approximation; requires experimental validation.,simple,53.93306944269861,33.014917822808606,0.0,100,100,synthetic_physics
Custom Polymer,MF,381.60241553328603,99.23247352401167,75.68174580443332,85291.82990324133,0.6826564509255006,0.46053152456009316,0.8018018166558906,10000,96.64069307058378,0.07390506988631243,Custom contaminant,641.9041536734181,51.49397215727727,2568.0072628570115,6.588157617229044,34.59180313434199,0.001,1000.0,16.02722058613135,48.132418967060936,0.2564314922648446,58.22146324144342,18.287608194715926,34.59180313434199,9.36915707876619,0.7,8,411.6637669138014,1590.420742476774,96.64069307058378,21.563530714561658,74.11604640714668,0.6360008174187749,5.088006539350199,80.0,Permeability model: J = A × TMP,User-provided baseline rejection,Screening-level approximation; requires experimental validation.,simple,100.0,100.0,0.0,100,100,synthetic_physics
Custom Polymer,MF,291.02767223713965,58.336165400534,17.561831612018707,97508.78889116523,0.2785122238923988,0.4494724369025842,0.7957950048053125,10000,72.01665368010791,0.03562308940421341,Custom contaminant,197.07078037748988,85.64960009015917,1581.193811570693,4.5408218922296,31.51058418288666,0.001,1000.0,5.153386845539586,43.94334278679308,0.3164760681696755,20.020312256760732,2.494173423540957,31.51058418288666,5.16415825271271,0.7,8,275.07016467067507,300.6288273943335,72.01665368010791,55.146998968346935,8.501733830779056,0.2044994781612022,1.6359958252896176,83.03071752505016,Permeability model: J = A × TMP,User-provided baseline rejection,Screening-level approximation; requires experimental validation.,simple,75.8070038737978,100.0,57.49133084610472,100,100,synthetic_physics
Custom Polymer,RO,230.86141803096078,75.37990231571115,46.995656132110604,34709.688907974916,0.28315844094306086,-0.4437065090600578,0.927847901827814,10000,58.237422244181836,0.14828558156078678,Custom contaminant,333.6502606403025,8.839023541749746,821.2021042848085,4.350486277327712,33.700893074917474,0.001,1000.0,10.348547668313888,17.512344324473247,0.6654291085852468,52.29848944627402,22.586994096848372,33.700893074917474,9.616479115808959,0.7,8,27.38680490386389,780.0725123469813,58.237422244181836,139.3409495323963,96.48919754633245,0.41065665383304467,3.2852532306643574,64.27822982563778,Permeability model: J = A × TMP,User-provided baseline rejection,Screening-level approximation; requires experimental validation.,simple,61.30254973071773,91.2893496795463,0.0,100,100,synthetic_physics
Custom Polymer,UF,410.72980434964256,79.45008493318268,49.63904973729008,70593.59965932499,0.15478130537849916,0.5160421663006138,0.9618330071923676,10000,54.24024018097435,0.1262367887658189,Custom contaminant,933.6502263827786,22.618888980206208,1621.952444066691,9.567149352777932,38.80678013568904,0.001,1000.0,2.732071210175864,18.10120705221708,0.7011631947393481,21.616887453944774,8.1321097729103,38.80678013568904,0.3305814940464634,0.7,8,77.7592523262533,217.0632896919756,54.24024018097435,427.2361011425488,64.17669130667012,0.10841552430006038,0.867324194400483,64.98324638246423,Permeability model: J = A × TMP,User-provided baseline rejection,Screening-level approximation; requires experimental validation.,simple,57.09498966418353,100.0,0.0,100,100,synthetic_physics
Custom Polymer,NF,85.22562365628745,56.67061994735664,65.6559165641141,65066.727194035775,0.6448523295447517,-0.16943717252241708,0.2734907162411555,10000,50.777476932122,0.034961324777596094,Custom contaminant,319.2639340800169,17.820685648046553,158.41896734014654,4.94468565199115,29.98298660702717,0.001,1000.0,12.665791246157397,46.84849833050408,0.8001866084833362,47.58170876308934,3.7325741660904663,29.98298660702717,5.684311007359053,0.7,8,629.9654197371249,717.7782420435425,50.777476932122,157.14976359995111,12.233976618796794,0.5026107641384933,4.020886113107946,71.47351488251131,Permeability model: J = A × TMP,User-provided baseline rejection,Screening-level approximation; requires experimental validation.,simple,53.449975718023154,100.0,38.83011690601603,100,100,synthetic_physics
Custom Polymer,MF,221.13359973131787,39.63560426577235,43.353567126931225,28342.678880281328,0.5800813133366767,0.681888934597559,0.7685169925989775,10000,81.32482957996493,0.08305999590328693,Custom contaminant,40.77333820795007,72.29339986919211,1680.4505247776426,5.624446303983321,19.83526116560325,0.001,1000.0,18.72501437210088,31.593750010744124,0.48115331031095304,51.569130478130575,10.22294463716294,19.83526116560325,4.754804504709861,0.7,8,317.4976349062801,742.1772595234902,81.32482957996493,7.614490396271949,57.22078104223682,0.743056126471464,5.944449011771712,74.96177931893445,Permeability model: J = A × TMP,User-provided baseline rejection,Screening-level approximation; requires experimental validation.,simple,85.60508376838413,100.0,0.0,100,100,synthetic_physics
Custom Polymer,MF,152.2515357867585,44.5454767585728,68.87363101135314,4474.221546103687,0.6565191851073084,-0.43404091827737434,0.6825597934324997,10000,82.071993202535,0.09963106712548928,Custom contaminant,612.0476270932448,95.91018380695348,1574.1980718166335,8.393914693092109,31.16347993703733,0.001,1000.0,4.878098030110942,14.881986120154455,0.42977692717539817,25.827344784740692,9.118462824854053,31.16347993703733,3.970510077890229,0.7,8,87.60024818927282,217.29720242634673,82.071993202535,109.72794018900018,59.68643534701508,0.19357531881005638,1.548602550480451,75.23705012724973,Permeability model: J = A × TMP,User-provided baseline rejection,Screening-level approximation; requires experimental validation.,simple,86.3915717921421,100.0,0.0,100,100,synthetic_physics
Custom Polymer,UF,117.7461209401802,80.62489472179205,44.31609932037895,70771.28911248306,0.15700973686857253,-0.06006921175126623,0.02821953217732831,10000,83.72790859159669,0.05483796116457508,Custom contaminant,949.7602859647703,32.412421460141935,1735.0371042514078,5.544325454167688,28.603378868420208,0.001,1000.0,9.447438532638044,19.16078481377601,0.2116524555893781,13.364100797859148,3.3171596479818217,28.603378868420208,9.990496173304976,0.7,8,635.0126039288224,761.6987370845438,83.72790859159669,154.54586189290012,16.63205240967336,0.3748983547696823,2.9991868381574585,79.21507180828331,Permeability model: J = A × TMP,User-provided baseline rejection,Screening-level approximation; requires experimental validation.,simple,88.13464062273336,100.0,16.839737951633204,100,100,synthetic_physics
Custom Polymer,NF,212.032256160045,1.1910410794606063,95.33995027197541,2488.002460866359,0.3930102878881736,0.43495517194131184,0.9145992443717617,10000,85.57302594246184,0.0722257344605017,Custom contaminant,974.6976185942624,3.9319383033270427,2961.9873873602232,9.096349310250634,37.86790051379077,0.001,1000.0,5.244493997131226,7.980445541929218,0.6666821265789731,43.689457848959,12.794447077492917,37.86790051379077,9.253729866983855,0.7,8,2.479156070169596,6.2464077915678455,85.57302594246184,140.61937257403645,60.31069131419407,0.20811484132249292,1.6649187305799433,53.592867686399195,Permeability model: J = A × TMP,User-provided baseline rejection,Screening-level approximation; requires experimental validation.,simple,90.07686941311772,8.263853567231987,0.0,100,100,synthetic_physics
Custom Polymer,RO,162.42127920124906,40.60658908536973,14.216087674093274,19635.247007431088,0.20034504914667695,0.620582682422709,0.7048734679721188,10000,76.46421637878152,0.05928333587599775,Custom contaminant,671.809347421107,81.2905347695761,2655.576325447956,7.282097369238001,34.59655365459103,0.001,1000.0,10.323857877571362,24.251974370206653,0.8667775370658792,33.978045219849804,9.803947957456502,34.59655365459103,3.11862231832067,0.7,8,234.4347088534721,419.21665461029755,76.46421637878152,158.1155943561517,44.07791143903816,0.40967690023136705,3.2774152018509364,73.17102708691951,Permeability model: J = A × TMP,User-provided baseline rejection,Screening-level approximation; requires experimental validation.,simple,80.48864881977002,100.0,0.0,100,100,synthetic_physics
Custom Polymer,NF,264.1638468643622,54.94015333525661,66.38565338573524,43334.97985590227,0.2524861043185196,0.7336841248277517,0.3460008672380144,10000,96.05487665002472,0.03506623328883608,Custom contaminant,564.4569014738681,53.661509352945224,2503.0787589882866,4.833108320504978,37.29811518752384,0.001,1000.0,10.72227780900699,29.719359811803955,0.5150646303647894,7.701868012719985,12.181630552455056,37.29811518752384,2.7091416605022065,0.7,8,384.29257943658644,589.0835869300633,96.05487665002472,22.268521020592516,34.764337699632755,0.42548721498352426,3.403897719868194,80.0,Permeability model: J = A × TMP,User-provided baseline rejection,Screening-level approximation; requires experimental validation.,simple,100.0,100.0,0.0,100,100,synthetic_physics
Custom Polymer,UF,328.0597836016986,50.272015817936484,10.228603054078583,7767.606838795013,0.22996038693215926,-0.6182297068555527,0.6083007569713649,10000,58.87294175587259,0.13284931637484174,Custom contaminant,217.66305400727902,9.113144542638263,2639.663447442976,5.771965456460398,22.762678895012073,0.001,1000.0,19.18872240344636,47.27409173873092,0.7177677203722687,10.170421379941603,14.44349294716784,22.762678895012073,9.891871556918353,0.7,8,141.59390609271995,964.6557561920475,58.87294175587259,89.51841099752015,85.32182022614387,0.7614572388411642,6.091657910729314,66.69003117321621,Permeability model: J = A × TMP,User-provided baseline rejection,Screening-level approximation; requires experimental validation.,simple,61.97151763776062,100.0,0.0,100,100,synthetic_physics
Custom Polymer,UF,473.98895192775046,11.494246759474343,40.2007630059465,31895.90621733251,0.19080967483343392,0.3895966224975218,0.27384836436023674,10000,67.20880357595236,0.018102037121705602,Custom contaminant,502.98788319087896,15.816786365205648,1353.0622283805185,4.860053332619809,38.61549669850437,0.001,1000.0,3.070654157303424,26.572470538681028,0.20501002706579763,10.727135260445692,5.254252542789307,38.61549669850437,0.6422636631653172,0.7,8,32.09257109471842,35.2948565970513,67.20880357595236,164.93574476628044,9.072952296965585,0.12185135554602965,0.9748108443682372,80.68818586259582,Permeability model: J = A × TMP,User-provided baseline rejection,Screening-level approximation; requires experimental validation.,simple,70.74610902731827,100.0,54.63523851517207,100,100,synthetic_physics
Custom Polymer,NF,251.8072373039763,65.52973658469985,9.646641692106563,44381.35307847471,0.5068729159973464,-0.531548647577877,0.3720784115160254,10000,53.584559999707075,0.03691900663379876,Custom contaminant,472.08539665975064,99.04421789253223,2989.168682523487,9.877730086745728,22.69259158900983,0.001,1000.0,1.7974714926103674,16.855098425217342,0.2453372316172675,6.059493118239094,2.737989841776822,22.69259158900983,4.586600156985754,0.7,8,106.46338456857987,117.78783342926464,53.584559999707075,219.12051403675144,9.614277239835179,0.07132823389080732,0.5706258711264586,75.1274027600569,Permeability model: J = A × TMP,User-provided baseline rejection,Screening-level approximation; requires experimental validation.,simple,56.404799999691654,100.0,51.92861380082411,100,100,synthetic_physics
Custom Polymer,MF,176.43460726410552,18.855018441813822,71.89389709521596,36033.00179171355,0.696307499022581,-0.5180456794737653,0.5383934900866247,10000,59.188546935744206,0.07681858937594709,Custom contaminant,160.94184388860234,16.157862437152193,1875.4477934218455,5.582716253054601,15.171016796927418,0.001,1000.0,18.60941135267445,3.1071592862625024,0.5694966315689283,46.11978813749489,6.389308548471905,15.171016796927418,4.582440276616897,0.7,8,214.78314226267133,350.88079424597623,59.188546935744206,65.68270507934479,38.78743271650743,0.7384687050619834,5.907749640495867,66.8063067658005,Permeability model: J = A × TMP,User-provided baseline rejection,Screening-level approximation; requires experimental validation.,simple,62.303733616572856,100.0,0.0,100,100,synthetic_physics
Custom Polymer,RO,363.4223715027039,22.948017689305495,20.145150622829036,31830.408588611554,0.7316589441841994,0.5929332965670853,0.9468922911337576,10000,82.53292106705098,0.1011236190996527,Custom contaminant,485.2306894319548,90.51863233669755,1581.5437328839541,6.1303604247701475,29.211250297529954,0.001,1000.0,11.013561969339076,7.0769709501848785,0.39879815977330524,28.499405832085998,20.400593712761598,29.211250297529954,3.850541314033777,0.7,8,32.11673099869691,252.73941489465537,82.53292106705098,84.75562752997226,87.29255149534806,0.4370461102440447,3.4963688819523577,75.40686565628194,Permeability model: J = A × TMP,User-provided baseline rejection,Screening-level approximation; requires experimental validation.,simple,86.8767590179484,100.0,0.0,100,100,synthetic_physics
Custom Polymer,MF,412.5620639930574,44.79656979619361,75.59655578111538,13960.551886863397,0.7472551537609237,-0.03888021840216349,0.2597982456263064,10000,62.050331357603866,0.04343620684337093,Custom contaminant,373.056931188788,71.75195326756167,2853.8488244123014,8.014224580741793,26.414988128323024,0.001,1000.0,9.082236598739266,41.58152888484321,0.8511606304216092,26.977825582461392,22.905375843355607,26.414988128323024,4.011642095743182,0.7,8,150.43474621681543,406.8530457009676,62.050331357603866,141.57386923363677,63.02479536373355,0.36040621452401017,2.8832497161920814,67.86064839490669,Permeability model: J = A × TMP,User-provided baseline rejection,Screening-level approximation; requires experimental validation.,simple,65.31613827116196,100.0,0.0,100,100,synthetic_physics
Custom Polymer,UF,483.74174026029436,70.6621519847055,16.99352191866818,58820.62703980612,0.18314398616690492,0.5782840797378526,0.28131517387388294,10000,84.69121967069493,0.13696300274887885,Custom contaminant,189.19975216347066,39.28578386011667,1976.6444854133422,6.517951556857007,15.244568248741457,0.001,1000.0,0.7756179605421807,20.92330904139618,0.6527169363161012,48.048815611436645,4.171669134375097,15.244568248741457,4.5618650942871275,0.7,8,30.95240081615431,54.80683420989889,84.69121967069493,28.964174442295324,43.52455991598969,0.030778490522328377,0.24622792417862702,76.2020282997297,Permeability model: J = A × TMP,User-provided baseline rejection,Screening-level approximation; requires experimental validation.,simple,89.14865228494203,100.0,0.0,100,100,synthetic_physics
Custom Polymer,RO,191.04081262881388,28.146037827046587,73.19785314217853,31310.37698770484,0.47809936663312047,0.8464470705392331,0.5392759822535824,10000,80.78944321701198,0.015620667994294953,Custom contaminant,186.35280230431894,10.095119929811347,2317.9575502319362,9.015526485501054,15.59365879583733,0.001,1000.0,4.541580668277203,16.83715718514636,0.595166840784297,51.634714535001464,16.638718025724252,15.59365879583733,9.06140828651328,0.7,8,98.57067648827879,127.82750128391368,80.78944321701198,35.799410903360595,22.887738946452107,0.1802214552345424,1.441771641876339,74.76453171153072,Permeability model: J = A × TMP,User-provided baseline rejection,Screening-level approximation; requires experimental validation.,simple,85.04151917580208,100.0,0.0,100,100,synthetic_physics
Custom Polymer,UF,332.79190471132006,56.412561731991524,31.277886800844144,90787.8110660705,0.16683838837145226,0.42400205366410293,0.727873713022602,10000,95.6747937317291,0.08019418589094626,Custom contaminant,328.40611483705345,82.77406698600205,2335.3498173139387,7.001893686516822,33.03572126901433,0.001,1000.0,5.503936921129764,29.885810189769927,0.8665316202399967,28.84883784623844,11.863424587122465,33.03572126901433,9.515344056311605,0.7,8,119.91436017827031,310.49118133222015,95.6747937317291,14.204241864317195,61.379141377299206,0.2184101954576553,1.7472815636612424,80.0,Permeability model: J = A × TMP,User-provided baseline rejection,Screening-level approximation; requires experimental validation.,simple,100.0,100.0,0.0,100,100,synthetic_physics
Custom Polymer,UF,401.12380256615097,88.81686301272472,39.13945902815419,99652.2733336386,0.20679592327866908,0.037541166432617956,0.4792733822962494,10000,89.84176632092672,0.13674957701467674,Custom contaminant,733.8279831389791,62.68162361303028,1339.5446534606608,7.0619555024544045,25.279009396744655,0.001,1000.0,0.6032957789506778,25.649244436556206,0.8574110921723836,58.19555083566861,19.199152619937614,25.279009396744655,3.965801398708358,0.7,8,3.879680639281683,53.5828385552174,89.84176632092672,74.54396132968797,92.75947160715711,0.023940308707671207,0.19152246966136965,56.33266531763756,Permeability model: J = A × TMP,User-provided baseline rejection,Screening-level approximation; requires experimental validation.,simple,94.57028033781761,12.932268797605612,0.0,100,100,synthetic_physics
Custom Polymer,MF,26.406948808579234,38.91679627476501,47.96718844437176,25893.285510108624,0.12186868529345488,0.3808162175579042,0.4350877508488432,10000,70.74234183630048,0.04124807933413378,Custom contaminant,542.452095008037,43.80267812707315,1474.5549717843637,7.485228090618292,10.189739417192062,0.001,1000.0,18.172378890060767,4.483282450308982,0.4564154998428346,20.552965642953605,12.80888568019207,10.189739417192062,2.874278077091665,0.7,8,416.95854460929877,707.2107670923352,70.74234183630048,158.70877965927798,41.04182741396814,0.7211261470078837,5.7690091760630695,71.06296804495281,Permeability model: J = A × TMP,User-provided baseline rejection,Screening-level approximation; requires experimental validation.,simple,74.46562298557946,100.0,0.0,100,100,synthetic_physics
Custom Polymer,NF,431.4031840506759,40.239623562279604,64.2368000210753,25263.532950713958,0.11358430534581226,-0.19169092877344784,0.5364864895582901,10000,72.93140284796134,0.14449208275373468,Custom contaminant,709.770782107568,99.56698006253953,955.6742619105187,8.73431967764288,26.666754026398415,0.001,1000.0,12.312855018080288,49.30680682167406,0.6574473277536058,72.41126692526883,17.555130515902306,26.666754026398415,1.3611226050750258,0.7,8,39.209483349359715,495.46465090447623,72.93140284796134,192.12499371157173,92.08632073392474,0.4886053582512132,3.9088428660097057,71.86946420714365,Permeability model: J = A × TMP,User-provided baseline rejection,Screening-level approximation; requires experimental validation.,simple,76.76989773469614,100.0,0.0,100,100,synthetic_physics
Custom Polymer,RO,247.31463845588615,91.9610013052519,80.87661027185506,10861.401416918909,0.19374095055749094,-0.8607779964027888,0.4932448747446174,10000,54.03051078444692,0.10993335880333063,Custom contaminant,556.8349956359284,83.58850175531424,911.4077871468172,7.114844704966845,13.524390577316332,0.001,1000.0,17.715278052475554,9.575243152202077,0.11133862883690095,20.378794889238748,19.446439984990064,13.524390577316332,1.1475638240783599,0.7,8,192.09298623100707,1629.1147081066047,54.03051078444692,255.9742032672836,88.20875010979049,0.7029872248669753,5.623897798935802,64.90597765742781,Permeability model: J = A × TMP,User-provided baseline rejection,Screening-level approximation; requires experimental validation.,simple,56.87422187836517,100.0,0.0,100,100,synthetic_physics
Custom Polymer,NF,311.0694724707013,74.87194876089744,75.35703488780423,19411.05821750905,0.14313679886432842,-0.1023872324555648,0.2024853452445461,10000,84.8936133697955,0.05672045595003604,Custom contaminant,454.8604016228008,11.348493310171182,1745.895830989756,5.113145137791443,30.36956982744811,0.001,1000.0,1.6091426864482952,48.81883502178484,0.6876817087999536,18.62971758589446,0.8312241683536111,30.36956982744811,3.411182632831666,0.7,8,114.93117086393265,120.4796487687296,84.8936133697955,68.71297089684124,4.605323771691683,0.06385486856093688,0.510838948487495,91.67127062770666,Permeability model: J = A × TMP,User-provided baseline rejection,Screening-level approximation; requires experimental validation.,simple,89.36169828399527,100.0,76.97338114154158,100,100,synthetic_physics
Custom Polymer,UF,117.02155322857753,87.40227558535105,60.7172613450341,18057.5364763755,0.4896615804812142,-0.48843869315001354,0.9762008643580892,10000,51.6345857901584,0.11118617121433318,Custom contaminant,775.267055929513,6.716276395770027,598.4211562709195,6.305839954623745,36.04464479587203,0.001,1000.0,10.832598780686286,33.11003565035723,0.7851827071022742,67.109209125314,11.692686762466504,36.04464479587203,5.137052073857465,0.7,8,258.0146174114053,946.7937839350806,51.6345857901584,374.9611228327534,72.74859406669944,0.42986503132350656,3.4389202505880525,64.02326844900573,Permeability model: J = A × TMP,User-provided baseline rejection,Screening-level approximation; requires experimental validation.,simple,54.35219556858779,100.0,0.0,100,100,synthetic_physics
Custom Polymer,MF,361.8228699730119,27.070893514827013,85.59448390018692,2568.2890353462362,0.2370401215468073,0.6003998860730064,0.34025821189267225,10000,57.47665835134607,0.03207943957815348,Custom contaminant,535.4488379167088,84.61815293449878,304.8870757362207,4.182885454747897,23.95504407510529,0.001,1000.0,19.132510818061967,14.671480367292194,0.9595788336763779,71.5760882442501,7.153674295106511,23.95504407510529,8.187785836135852,0.7,8,411.7277267428428,517.9341630270313,57.47665835134607,227.69073870106934,20.505779279642844,0.7592266203717452,6.073812962973961,66.17561097154855,Permeability model: J = A × TMP,User-provided baseline rejection,Screening-level approximation; requires experimental validation.,simple,60.50174563299586,100.0,0.0,100,100,synthetic_physics
Custom Polymer,RO,260.792970563331,42.868698161244595,81.73477283662022,79411.40355315461,0.6298554351597915,0.9965119024305917,0.4785124609413839,10000,90.2654565932138,0.13005936321260436,Custom contaminant,219.4865556391471,4.206644205306098,1273.770366346881,9.140420106620656,18.673098435835307,0.001,1000.0,14.060201050534996,1.3600588141488714,0.36181078799703537,51.16375210686134,3.5492939666999166,18.673098435835307,8.976408430259596,0.7,8,379.88599160295877,602.7425149217989,90.2654565932138,21.36601403075272,36.973752108353274,0.5579444865786967,4.463555892629573,78.25569453434193,Permeability model: J = A × TMP,User-provided baseline rejection,Screening-level approximation; requires experimental validation.,simple,95.01627009811979,100.0,0.0,100,100,synthetic_physics
Custom Polymer,NF,86.57424878736883,91.06956095539547,22.422541559614494,99430.72805462616,0.5233240993069137,-0.8313102111233774,0.06527723447865985,10000,53.738592643347495,0.09053444835718802,Custom contaminant,811.4834103041114,40.29627417705057,1390.0237019173992,7.535726221987768,25.99121814359067,0.001,1000.0,13.82362231540515,24.1175002879883,0.7167220782134268,79.79830569099755,8.731999292845975,25.99121814359067,0.220933082861973,0.7,8,571.0380085527389,1258.9112150771543,53.738592643347495,375.40364607244084,54.64032715621316,0.5485564415263511,4.388451532210809,64.7984288686017,Permeability model: J = A × TMP,User-provided baseline rejection,Screening-level approximation; requires experimental validation.,simple,56.56693962457631,100.0,0.0,100,100,synthetic_physics
Custom Polymer,MF,281.2219506436074,35.081520927320554,94.05827677679426,62930.8859656846,0.4642486301758276,0.5960790025440375,0.25858987104909514,10000,90.90495316008975,0.005443860205293477,Custom contaminant,623.4805885143605,93.4757151045779,2384.793860898223,9.121805152884157,21.908640855145016,0.001,1000.0,16.5199311327825,27.990751586483064,0.622354834138167,9.418650450185263,5.236464883598216,21.908640855145016,5.554547713584171,0.7,8,563.256736391366,579.5443097526036,90.90495316008975,56.705851563129166,2.8104103667570213,0.6555528232539065,5.244422586031252,95.68088816590762,Permeability model: J = A × TMP,User-provided baseline rejection,Screening-level approximation; requires experimental validation.,simple,95.68942437904184,100.0,85.9479481662149,100,100,synthetic_physics
Custom Polymer,MF,38.81251833351385,74.4032338521836,84.16564384366825,92076.05494883309,0.17123792142586416,0.8794404960456002,0.06762000762929499,10000,73.65540517479799,0.1268363979910327,Custom contaminant,79.60802717881081,1.8231072988983632,172.348384249287,7.067621436616202,34.34790233789989,0.001,1000.0,2.723048087237473,7.10590244989749,0.5728613864992937,22.572170060894276,17.660022775904537,34.34790233789989,9.501390342949824,0.7,8,21.57030504731345,202.60358362547097,73.65540517479799,20.9724122085944,89.35344347749154,0.10805746386571079,0.8644597109256863,65.11145611259906,Permeability model: J = A × TMP,User-provided baseline rejection,Screening-level approximation; requires experimental validation.,simple,77.53200544715578,71.90101682437817,0.0,100,100,synthetic_physics
Custom Polymer,RO,439.81592952566905,52.43901969959536,83.3996111175358,18698.866806674894,0.14784352327693917,0.31190622024937187,0.051952503758055935,10000,94.53482281507007,0.1052753513305757,Custom contaminant,952.6787181548228,31.388665631323565,1509.8590966847005,8.450142190270714,17.283369563824618,0.001,1000.0,10.928606638211004,33.31389647526843,0.9790205679025709,60.85274706817886,3.276074981558239,17.283369563824618,4.805801168694772,0.7,8,405.9154285616298,573.0854187902755,94.53482281507007,52.065579950280245,29.17016988174719,0.4336748669426147,3.4693989355409176,79.82861893186792,Permeability model: J = A × TMP,User-provided baseline rejection,Screening-level approximation; requires experimental validation.,simple,99.51033980533693,100.0,0.0,100,100,synthetic_physics
Custom Polymer,RO,298.4976836648903,15.51569114357092,43.764639641126756,28758.578725414387,0.18317927958341818,0.024083866926909003,0.16563308101234542,10000,79.4678166884276,0.02960605517507049,Custom contaminant,726.3589743667928,19.524162302967042,2699.2267922508336,4.157256139292853,25.659921611372077,0.001,1000.0,6.538074364553629,12.02874976295495,0.47688675137349656,68.15146522431957,22.009014329876244,25.659921611372077,3.102161319663673,0.7,8,52.87308575782904,101.44274251411282,79.4678166884276,149.13735611704703,47.87888768832006,0.2594473956263527,2.0755791650108217,74.27761667468386,Permeability model: J = A × TMP,User-provided baseline rejection,Screening-level approximation; requires experimental validation.,simple,83.65033335623959,100.0,0.0,100,100,synthetic_physics
Custom Polymer,NF,362.8688193074905,58.61787382014284,20.90059871907843,76149.43091469994,0.4632513046694988,0.3067903990148151,0.35933903396338873,10000,71.91096830898857,0.031149604264366616,Custom contaminant,758.9507089688875,15.701132415179186,2357.077524778078,8.788047129307516,32.39802892165365,0.001,1000.0,0.5845712035630605,14.383527417727004,0.4736543653638956,49.66582840375968,22.101719335172678,32.39802892165365,3.818499124074153,0.7,8,17.213658496796555,34.26632104934851,71.91096830898857,213.1819051614267,49.765081369527906,0.023197270001218948,0.18557816000975158,60.83823005415081,Permeability model: J = A × TMP,User-provided baseline rejection,Screening-level approximation; requires experimental validation.,simple,75.69575611472482,57.37886165598851,0.0,100,100,synthetic_physics
Custom Polymer,MF,438.7614261992375,17.179499525546817,37.75676826335407,5702.060076721638,0.6197425037389356,-0.6986944851341741,0.2570200156484578,10000,88.68413928444141,0.08253392402629295,Custom contaminant,23.832992224277938,0.22352047473971348,1580.9158320457016,5.829733082495169,15.409343379855313,0.001,1000.0,12.349159966778997,12.193387114153927,0.5962850781880984,33.44494629397047,4.888536115240059,15.409343379855313,1.467236904900612,0.7,8,141.71737515029344,212.1523877901815,88.68413928444141,2.6969082044492003,33.200197920726794,0.49004603081977477,3.920368246558198,77.67310394689946,Permeability model: J = A × TMP,User-provided baseline rejection,Screening-level approximation; requires experimental validation.,simple,93.35172556256991,100.0,0.0,100,100,synthetic_physics
Custom Polymer,MF,24.61773292636269,31.504569241590577,90.29351432799763,83220.53152536131,0.36040262970376125,0.15166723716360764,0.5673605590140585,10000,91.35400320576625,0.03926206471996001,Custom contaminant,303.4236139050822,30.17854337456115,218.52297033785555,5.888127179735153,36.33741329764021,0.001,1000.0,18.257355421915324,6.372131942658969,0.4634779562022471,33.60116761907294,11.999941120649616,36.33741329764021,5.591723288180904,0.7,8,359.0846524306939,575.1901180580605,91.35400320576625,26.23399593118162,37.5711367151048,0.7244982316079845,5.795985852863876,78.65673802317704,Permeability model: J = A × TMP,User-provided baseline rejection,Screening-level approximation; requires experimental validation.,simple,96.16210863764869,100.0,0.0,100,100,synthetic_physics
Custom Polymer,MF,19.926792408695576,84.38198254419491,97.39274324416051,65513.77879436241,0.5623165669453585,0.05595971566141689,0.33427341171438174,10000,57.433993426558104,0.08968918469092735,Custom contaminant,54.49198947411499,82.45025676918739,1320.643928464785,6.488525344971849,19.815125754277172,0.001,1000.0,19.39320699623201,9.570930685765223,0.15979474326045906,17.41486261587726,15.975395846992955,19.815125754277172,9.919763655423024,0.7,8,390.5111504391579,1636.4372542320082,57.433993426558104,23.195063821551052,76.13650328301603,0.7695717068153403,6.156573654522722,66.15989231504773,Permeability model: J = A × TMP,User-provided baseline rejection,Screening-level approximation; requires experimental validation.,simple,60.456835185850636,100.0,0.0,100,100,synthetic_physics
Custom Polymer,RO,453.752524563069,28.583039361609067,65.14209209240472,4529.645717370088,0.4469577822033324,0.30913993255796357,0.5363197772226286,10000,61.86798570560138,0.12513205749884773,Custom contaminant,970.4351461258578,45.91960956920653,1944.1658690488357,8.742479610073435,17.24467181865382,0.001,1000.0,17.31611756218995,14.72984436018988,0.7780724954800864,13.407442431981654,7.277087530232988,17.24467181865382,5.38283734600469,0.7,8,199.10937485466636,494.94726987032544,61.86798570560138,370.0464686385802,59.77159851657887,0.6871475228588431,5.4971801828707445,67.79346841785313,Permeability model: J = A × TMP,User-provided baseline rejection,Screening-level approximation; requires experimental validation.,simple,65.1241954795804,100.0,0.0,100,100,synthetic_physics
Custom Polymer,MF,267.2118268951144,85.19268726415025,99.61659850622212,11167.479163083992,0.28997169297752595,-0.2848035795538484,0.47891840781000505,10000,74.64609618340452,0.1291482841565204,Custom contaminant,772.8537097572488,1.8851579037953314,1419.5631056912448,7.708443029464533,23.811867612790703,0.001,1000.0,2.7867760693089063,20.47623010084176,0.41753913817843874,19.078694183731905,18.273217190067406,23.811867612790703,3.2818667334105207,0.7,8,22.41759968943664,237.41294214785157,74.64609618340452,195.94858621484286,90.55754943827964,0.11058635204517173,0.8846908163613738,66.18252640525851,Permeability model: J = A × TMP,User-provided baseline rejection,Screening-level approximation; requires experimental validation.,simple,78.57483808779423,74.72533229812213,0.0,100,100,synthetic_physics
Custom Polymer,RO,262.70778866979606,87.86528084242248,13.07947825442098,11869.169321219284,0.3102237683861111,-0.13757006374832992,0.2985422487521395,10000,88.08303541152267,0.040563547250848445,Custom contaminant,93.92699534452228,41.37998098841476,2342.7999356016035,9.103371661520448,32.000345450900525,0.001,1000.0,11.246156234294931,36.485393385709656,0.6845756399508227,22.577497437129562,13.442833966775053,32.000345450900525,7.729032393120477,0.7,8,572.8031490907417,988.1466759240845,88.08303541152267,11.19324677422747,42.03257845753782,0.4462760414004705,3.570208331203764,77.45164462529783,Permeability model: J = A × TMP,User-provided baseline rejection,Screening-level approximation; requires experimental validation.,simple,92.71898464370808,100.0,0.0,100,100,synthetic_physics
Custom Polymer,NF,165.38912431881772,65.74334152497622,48.66656232436105,50564.30566902949,0.16303852644751182,0.33243433061075955,0.8656870353545201,10000,57.05742127249056,0.05808532102138515,Custom contaminant,58.18078029242666,2.9631885976391104,2970.009640348057,6.960829049838308,20.665570559057393,0.001,1000.0,5.642566117175375,49.02061960230299,0.25972827766646683,59.42812968033074,7.168315251439444,20.665570559057393,0.7978461030334992,0.7,8,244.6242723442976,370.9611513187196,57.05742127249056,24.984327381354614,34.05663329578057,0.22391135403529475,1.791290832282358,66.02115520565442,Permeability model: J = A × TMP,User-provided baseline rejection,Screening-level approximation; requires experimental validation.,simple,60.06044344472691,100.0,0.0,100,100,synthetic_physics
Custom Polymer,UF,10.799115338633788,67.89910264449638,25.787283299992488,74737.37109111437,0.6388251171454546,0.4482144776350758,0.02448344146761039,10000,85.11645732022404,0.14857111403808565,Custom contaminant,250.19911484036666,27.423857222533854,2459.2269937835645,4.962380830336484,29.817510265136548,0.001,1000.0,15.149522274511453,2.8208724291485017,0.5582244733225739,48.190794390191215,7.630908088707164,29.817510265136548,8.77581222703542,0.7,8,331.04664973405636,1028.6389679321373,85.11645732022404,37.23849204168762,67.81702229310288,0.6011715193107569,4.809372154486055,76.35869480218781,Permeability model: J = A × TMP,User-provided baseline rejection,Screening-level approximation; requires experimental validation.,simple,89.59627086339374,100.0,0.0,100,100,synthetic_physics
Custom Polymer,NF,89.74736245692962,37.05527624108019,85.0182000275856,19468.954282296254,0.6749618954293725,-0.8418616452640886,0.48922906718999004,10000,53.7590000560406,0.10329601983391956,Custom contaminant,792.6954741650443,84.98585482468029,2945.6605271575672,8.03209433379752,33.07185741520061,0.001,1000.0,10.21401391076232,45.72410815787518,0.6473207983774679,71.26635546885076,6.0331223998262,33.07185741520061,5.017704029108836,0.7,8,202.9528953188878,378.48310699353357,53.7590000560406,366.55031376442685,46.37729093616977,0.4053180126560925,3.24254410124874,64.80594738906758,Permeability model: J = A × TMP,User-provided baseline rejection,Screening-level approximation; requires experimental validation.,simple,56.58842111162168,100.0,0.0,100,100,synthetic_physics
Custom Polymer,RO,109.3336597357148,21.92263953293585,97.8262313001581,43743.730893352,0.22727081704664018,-0.337072236036988,0.3973761482659256,10000,81.09195434776404,0.1388371255619241,Custom contaminant,986.7241751628701,65.16987589111125,2129.7748463134017,5.930975018179534,35.714757863462474,0.001,1000.0,4.512407037362235,6.212651816237411,0.9735234301966743,69.81040076153992,7.635660661646134,35.714757863462474,6.784190092172387,0.7,8,34.26887184576073,98.92387290597526,81.09195434776404,186.57025750144422,65.3583398636925,0.17906377146714925,1.432510171737194,74.87598318075517,Permeability model: J = A × TMP,User-provided baseline rejection,Screening-level approximation; requires experimental validation.,simple,85.35995194501479,100.0,0.0,100,100,synthetic_physics
Custom Polymer,NF,238.83899513246777,32.989692408401616,29.39064686526919,14034.730799480196,0.48452265759308755,-0.1068066197649844,0.5121864202999443,10000,60.74632265722229,0.1410985472621209,Custom contaminant,642.2052843672361,89.96006573833368,416.88638149499076,7.737105795137049,35.48385455932483,0.001,1000.0,6.75223144032644,10.562015287663334,0.2723710927475635,25.470029506234923,11.009175675703077,35.48385455932483,3.3270396675153826,0.7,8,47.11962123594653,222.75403828670787,60.74632265722229,252.08919020378295,78.84679371096355,0.2679456922908026,2.143565538326421,67.38022413687136,Permeability model: J = A × TMP,User-provided baseline rejection,Screening-level approximation; requires experimental validation.,simple,63.94349753391819,100.0,0.0,100,100,synthetic_physics
Custom Polymer,NF,327.7710262185176,6.250204795516561,34.696014035833265,69130.32061107724,0.22309482449670417,-0.5581442755741752,0.20066662541291747,10000,50.04621272589711,0.07369632401557805,Custom contaminant,48.56920152196195,27.29398117749001,2984.9299313167176,9.510377268341799,16.452274244690024,0.001,1000.0,6.338048151895868,23.721524531159023,0.8459694111926511,65.19844560448183,3.466673759307631,16.452274244690024,1.3320435986486863,0.7,8,30.68285337101041,39.614098953194436,50.04621272589711,24.262155609011216,22.545623447693796,0.25150984749866295,2.0120787799893036,63.43807837269893,Permeability model: J = A × TMP,User-provided baseline rejection,Screening-level approximation; requires experimental validation.,simple,52.68022392199695,100.0,0.0,100,100,synthetic_physics
Custom Polymer,UF,214.19880440808188,87.13944357176344,88.32641491045473,11182.902043809752,0.5020081015758862,-0.6886496057497742,0.6861293100027828,10000,95.73001907165244,0.07094154740896107,Custom contaminant,92.25194694513098,57.92541958945455,1284.6983433939786,8.865392514003762,20.21033391779163,0.001,1000.0,17.522964569357267,14.411319974104458,0.1659424595297991,27.986028298893494,1.320521107834543,20.21033391779163,2.884335072054989,0.7,8,1390.3935370241068,1526.9413823015175,95.73001907165244,3.9391405405864033,8.94257283613572,0.6953557374355412,5.56284589948433,91.05742716386428,Permeability model: J = A × TMP,User-provided baseline rejection,Screening-level approximation; requires experimental validation.,simple,100.0,100.0,55.2871358193214,100,100,synthetic_physics
Custom Polymer,MF,79.71865949273024,12.025132305872209,14.106143834180688,8216.391589015904,0.7122447882900578,0.8882302309930563,0.046561151728786276,10000,87.92758189902267,0.11188700327399367,Custom contaminant,996.94033036394,34.78706617210682,927.9760759022071,6.718492724858963,35.69725531447571,0.001,1000.0,14.626154122250396,24.109566884407634,0.25211721485301447,59.52618059512783,20.58138139899161,35.69725531447571,4.05951718756816,0.7,8,17.58455631752424,175.8814384461392,87.92758189902267,120.35480489879951,90.0020397417268,0.5804029418234651,4.643223534587721,67.04816920985749,Permeability model: J = A × TMP,User-provided baseline rejection,Screening-level approximation; requires experimental validation.,simple,92.55534936739228,58.615187725080794,0.0,100,100,synthetic_physics
Custom Polymer,NF,337.60686845228224,40.62099009648322,48.370850376007,52728.582805513906,0.6430080698155946,0.9550119682578622,0.44436616263823236,10000,67.08151881175553,0.059170695938496734,Custom contaminant,142.55017868142983,29.69387378177227,350.69749847953807,6.567365579075483,15.020718079331466,0.001,1000.0,7.058853570293293,39.88530972018871,0.25346837408324463,50.89209660065517,21.677763352342403,15.020718079331466,5.712598951592514,0.7,8,79.5097170329741,286.73762097140906,67.08151881175553,46.92535375305536,72.27091556259299,0.28011323714049113,2.240905897123929,69.71424377275204,Permeability model: J = A × TMP,User-provided baseline rejection,Screening-level approximation; requires experimental validation.,simple,70.61212506500581,100.0,0.0,100,100,synthetic_physics
Custom Polymer,MF,178.93543504331763,59.44655151122254,51.1545028362255,15287.673709551926,0.4127574412833983,0.08613338982049679,0.26733271445757245,10000,80.56103121545861,0.015173214425355429,Custom contaminant,343.2409632298616,80.42768327775744,851.9259226336508,7.631061100018469,22.300891411309358,0.001,1000.0,6.465910819821887,45.890452707591315,0.3498291008995797,22.750692611526375,21.868580917546357,22.300891411309358,7.484849123764567,0.7,8,275.83554440249054,384.3761006175129,80.56103121545861,66.72250369801199,28.238112629960188,0.2565837628966118,2.0526701031728942,74.68037992148476,Permeability model: J = A × TMP,User-provided baseline rejection,Screening-level approximation; requires experimental validation.,simple,84.80108548995644,100.0,0.0,100,100,synthetic_physics
Custom Polymer,MF,344.0818597121167,5.903959264620705,13.989291110861805,64014.82639906145,0.24660298556838217,-0.5487240287392818,0.7791385153436107,10000,64.26765494696343,0.015380158812027818,Custom contaminant,46.06762783676249,44.31779872452878,1889.6728752854735,9.213311400350818,13.324131850979178,0.001,1000.0,4.094121960508267,26.960229934466085,0.3704672786195553,41.1903088434121,22.216929251129063,13.324131850979178,5.494427373260403,0.7,8,17.175355976176835,24.17152927922987,64.26765494696343,16.461043736380695,28.943858794506273,0.1624651572929986,1.2997212583439888,57.9903537325374,Permeability model: J = A × TMP,User-provided baseline rejection,Screening-level approximation; requires experimental validation.,simple,67.65016310206677,57.25118658725612,0.0,100,100,synthetic_physics
Custom Polymer,UF,494.825554282875,7.456351320054095,93.27923138874603,50415.353285515564,0.4526294364369967,0.8439286684064184,0.5073239795930695,10000,71.87651381745442,0.04451084585699385,Custom contaminant,662.2285991492466,56.964509097976155,721.601767148571,8.25647749036795,29.322605720099215,0.001,1000.0,8.067210907289509,1.215645173273978,0.4521153386744258,5.454358784768879,2.2624644985274367,29.322605720099215,4.363038034560257,0.7,8,54.389428008284376,60.15195869772292,71.87651381745442,186.2417685786035,9.579955190481082,0.32012741721203486,2.561019337696279,81.9008656896337,Permeability model: J = A × TMP,User-provided baseline rejection,Screening-level approximation; requires experimental validation.,simple,75.65948822889939,100.0,52.10022404759459,100,100,synthetic_physics
Custom Polymer,UF,50.14074325081057,28.290877944929456,65.89364548733786,31207.226589637194,0.7983540158850573,0.8326040678299622,0.5853099045855237,10000,98.25066221788303,0.1308625076927157,Custom contaminant,325.70953365208214,74.95962459853094,496.81217361144735,8.107308546272446,24.732454794837412,0.001,1000.0,0.5331535972059294,14.437261297128167,0.955828395230206,28.68736138163605,4.764179699583855,24.732454794837412,1.9565613210648627,0.7,8,8.08605679077968,15.08338334445303,98.25066221788303,5.697759932132848,46.390961456579596,0.021156888794938582,0.16925511035950866,61.73838065898307,Permeability model: J = A × TMP,User-provided baseline rejection,Screening-level approximation; requires experimental validation.,simple,100.0,26.953522635932263,0.0,100,100,synthetic_physics
Custom Polymer,UF,422.89812792856213,76.0421747482013,44.24834874623966,21268.324901977576,0.13224543007153378,-0.07473936103453793,0.8147753485181917,10000,86.41113148035626,0.06424711130595129,Custom contaminant,598.7556451984243,43.624652094621766,1779.1467183915156,7.105031466361295,30.42899800375477,0.001,1000.0,10.252635101955853,47.08993891021037,0.43374789976586936,6.193722727978319,6.054778082111136,30.42899800375477,5.056007895255894,0.7,8,528.382721024435,779.6326700524697,86.41113148035626,81.36411737995843,32.226708638457325,0.4068505996094429,3.2548047968755434,76.83568001907862,Permeability model: J = A × TMP,User-provided baseline rejection,Screening-level approximation; requires experimental validation.,simple,90.95908576879607,100.0,0.0,100,100,synthetic_physics
Custom Polymer,UF,274.8802074254444,55.68609414189329,71.74065772873813,27827.490190444027,0.5654325753290341,0.4080645462384256,0.4112807526208263,10000,70.06823804740148,0.030944093920185215,Custom contaminant,419.84750249282,78.68162917070124,2736.021716094663,7.5616791479077925,18.981110300628963,0.001,1000.0,13.709336429462683,37.26716422610419,0.33889065099285576,66.991089611716,2.2318520552509917,18.981110300628963,0.2064618042402527,0.7,8,712.4750626471872,763.4193990339462,70.06823804740148,125.66775501008104,6.673178131342416,0.5440212873186568,4.352170298549255,84.14143588612129,Permeability model: J = A × TMP,User-provided baseline rejection,Screening-level approximation; requires experimental validation.,simple,73.7560400498963,100.0,66.63410934328792,100,100,synthetic_physics
Custom Polymer,RO,86.44409043547977,88.0139742618244,43.0731885199068,27855.70335105298,0.40035258119077355,-0.21031821459873545,0.301461667988017,10000,56.88118916235707,0.10010774198621268,Custom contaminant,145.2383587518588,77.54244526726744,684.8952385133155,8.38822784279987,34.167583170864006,0.001,1000.0,2.6814549935341248,5.2505426461122,0.9500770429471233,39.728510506443556,15.310534131865227,34.167583170864006,0.3302783572055008,0.7,8,50.96566419923267,236.00551078515298,56.88118916235707,62.62505317391121,78.40488383950105,0.10640694427298766,0.8512555541839013,65.95622758613155,Permeability model: J = A × TMP,User-provided baseline rejection,Screening-level approximation; requires experimental validation.,simple,59.874935960375865,100.0,0.0,100,100,synthetic_physics
Custom Polymer,MF,146.56798847260654,51.03436780137924,88.73561302555099,27508.22204765544,0.6426339239011037,0.32442585651740363,0.11527076780574497,10000,64.63942112232063,0.03949028528359986,Custom contaminant,448.10231169755264,63.53342430475843,1356.9172909746692,5.467219454510836,30.87636304684826,0.001,1000.0,11.772527675287499,26.446381463368905,0.5588754014715186,21.642548472036765,16.49012993567272,30.87636304684826,3.9362553018338065,0.7,8,313.2708032799,600.8035073325383,64.63942112232063,158.45157138051778,47.85802688290433,0.4671637970121239,3.7373103760969912,68.81452357138129,Permeability model: J = A × TMP,User-provided baseline rejection,Screening-level approximation; requires experimental validation.,simple,68.04149591823224,100.0,0.0,100,100,synthetic_physics
Custom Polymer,RO,83.36976205071755,60.086896120494195,60.663776644104146,34359.91404481957,0.7018950398058739,0.6909157974308566,0.1090543064824313,10000,84.68241555171493,0.062106039646828225,Custom contaminant,999.7177025522639,22.50236296846524,913.5201957020194,6.652637767334365,18.061454460419895,0.001,1000.0,13.901468654452982,24.564497496892546,0.22867004650104478,42.9780552114922,21.386512509578402,18.061454460419895,7.9447169038155225,0.7,8,221.3078420000525,835.2961029624225,84.68241555171493,153.13260333289838,73.50546216902339,0.5516455819672285,4.413164655737828,76.1987846769476,Permeability model: J = A × TMP,User-provided baseline rejection,Screening-level approximation; requires experimental validation.,simple,89.13938479127886,100.0,0.0,100,100,synthetic_physics
Custom Polymer,UF,254.4261729691423,29.560767711052822,18.80876000555025,87899.0962800961,0.5971168583490875,0.1443266062949169,0.8794346459536684,10000,56.072345339967065,0.1039609464702999,Custom contaminant,224.54518928909965,12.0577441015987,1450.264679020106,6.324357578586122,38.23520827975557,0.001,1000.0,6.614795025685965,40.93021069354812,0.7513387304636613,55.094290254390216,22.1294111145614,38.23520827975557,4.138453484375287,0.7,8,19.592803952060393,195.53841921053052,56.072345339967065,98.63743530663295,89.98007448809055,0.26249186630864296,2.0999349304691437,56.98556912038907,Permeability model: J = A × TMP,User-provided baseline rejection,Screening-level approximation; requires experimental validation.,simple,59.02352141049164,65.30934650686798,0.0,100,100,synthetic_physics
Custom Polymer,RO,88.86423755493959,28.300445474011845,88.0978691500262,47701.02222468112,0.3389473255334974,-0.5677758898356577,0.484960250243615,10000,85.76160198617998,0.046570343691275926,Custom contaminant,760.1393556045276,62.97877747249184,2383.9314313651425,5.505457773249474,28.93084434199136,0.001,1000.0,3.24395853387907,18.8260521260672,0.7271164938943733,52.37512891849519,4.914727045431766,28.93084434199136,8.597592453716038,0.7,8,73.02423495721791,91.80547160800002,85.76160198617998,108.23166691065936,20.45764410532748,0.12872851335215227,1.0298281068172181,76.59637967911894,Permeability model: J = A × TMP,User-provided baseline rejection,Screening-level approximation; requires experimental validation.,simple,90.2753705117684,100.0,0.0,100,100,synthetic_physics
Custom Polymer,UF,36.141981349139115,59.926353163148306,98.39822952292901,53384.72081835349,0.6604702739715945,0.19036194637820425,0.7830883149229926,10000,82.71414735422883,0.10521414210794167,Custom contaminant,235.5330395755202,74.18209135729177,789.9386713265592,9.88384165085553,16.83361572883614,0.001,1000.0,4.886343271233595,43.07498290370934,0.25055600334319095,32.06770951184622,17.294043787707132,16.83361572883614,1.6716109439281561,0.7,8,47.46452579993761,292.8207325483178,82.71414735422883,40.71389415313032,83.79058566418087,0.1939025109183599,1.551220087346879,75.47363323576852,Permeability model: J = A × TMP,User-provided baseline rejection,Screening-level approximation; requires experimental validation.,simple,87.06752353076719,100.0,0.0,100,100,synthetic_physics
Custom Polymer,NF,248.31562740064328,25.12597866903996,24.330137601334325,1419.2726811420116,0.3593147138385636,-0.3634988907631935,0.031155810826670405,10000,80.99953559286182,0.09586500139048633,Custom contaminant,80.0924670559223,31.704156290945306,2631.1360427866534,7.49300240946747,22.359241720359634,0.001,1000.0,9.4090181835891,11.205719727354452,0.8137626857008486,73.55035290882257,21.900604992876026,22.359241720359634,2.316950477753767,0.7,8,28.96445533497637,236.4107901774688,80.99953559286182,15.217940695759392,87.74825154417303,0.3733737377427109,2.986989901941687,73.97898027827151,Permeability model: J = A × TMP,User-provided baseline rejection,Screening-level approximation; requires experimental validation.,simple,85.2626690451177,96.54818444992124,0.0,100,100,synthetic_physics
Custom Polymer,MF,162.2627312104639,16.901654706144143,31.412912229599,33614.13452619873,0.5431740159452448,-0.6207072369037507,0.9193969243677436,10000,55.14466355725697,0.005997311599978293,Custom contaminant,856.3956773442278,70.37698077660497,1130.5436240323957,7.572998235460708,16.706323025177,0.001,1000.0,3.5341150431784447,24.086307621797417,0.35965595142375123,51.14225379014691,5.62650583718424,16.706323025177,6.662984235550125,0.7,8,57.75041564159931,59.73239215159177,55.14466355725697,384.1391623538614,3.318093313528281,0.14024266055578322,1.1219412844462657,81.9983616812506,Permeability model: J = A × TMP,User-provided baseline rejection,Screening-level approximation; requires experimental validation.,simple,58.0470142707968,100.0,83.4095334323586,100,100,synthetic_physics
Custom Polymer,UF,91.65171008395245,5.341970058373682,44.51915015483254,77515.39655624749,0.5555458849018999,0.4037634408291826,0.4028393399933684,10000,61.72378270812819,0.08210793227626836,Custom contaminant,212.32203681170492,72.62286969850658,671.2027222824834,5.747579600286048,25.19634334969016,0.001,1000.0,9.836856696041199,30.44161944394444,0.44307015449491777,73.96049813825685,20.238451213633923,25.19634334969016,8.80322316724272,0.7,8,9.974116093530007,52.54819393876475,61.72378270812819,81.26884416857622,81.01910770681671,0.3903514565043923,3.1228116520351383,51.052104409006446,Permeability model: J = A × TMP,User-provided baseline rejection,Screening-level approximation; requires experimental validation.,simple,64.97240285066125,33.247053645100024,0.0,100,100,synthetic_physics
Custom Polymer,RO,318.46311998768437,63.865783670219834,61.310669687878914,43770.97336493489,0.3254742007470839,0.18400577489774061,0.02553183713845031,10000,50.37207592804777,0.12848806481302852,Custom contaminant,55.959804329845966,52.479515033341805,1883.4645125539707,5.189027377734614,36.87192514795445,0.001,1000.0,3.963896280617825,44.34123438096706,0.7653603666397049,23.055721514314545,4.042487907488198,36.87192514795445,3.2307038308437277,0.7,8,150.59584926714916,253.15734234912702,50.37207592804777,27.771689203628995,40.51294429396254,0.1572974715789263,1.2583797726314103,63.55813323664918,Permeability model: J = A × TMP,User-provided baseline rejection,Screening-level approximation; requires experimental validation.,simple,53.02323781899765,100.0,0.0,100,100,synthetic_physics
Custom Polymer,NF,130.4344914844725,99.8902633266879,23.73558128771852,83148.16528479426,0.21138242296333096,0.9604892505518949,0.22552345828308484,10000,71.04225888370125,0.08599178968134644,Custom contaminant,129.0828580045324,81.68200674791012,896.5880447744065,7.295619409609983,26.489014320797406,0.001,1000.0,12.132284916050542,3.71881333969142,0.1769325742132522,17.089418219252316,7.598204596272519,26.489014320797406,1.5346501528975647,0.7,8,630.528955700943,1211.8971350186923,71.04225888370125,37.379479846472016,47.971743023287395,0.48143987800620525,3.851519024049642,71.17346379925836,Permeability model: J = A × TMP,User-provided baseline rejection,Screening-level approximation; requires experimental validation.,simple,74.78132514073816,100.0,0.0,100,100,synthetic_physics
Custom Polymer,UF,461.7414471794019,51.78249060061877,62.73393962256576,36070.07345211302,0.2933722987237381,0.006354340464425956,0.2943229748348336,10000,67.14793169391524,0.07064887676927428,Custom contaminant,510.67635031251194,98.43140117818388,747.6355056696275,6.927856989295883,14.485352184680167,0.001,1000.0,7.129984807617858,36.14822521661381,0.1827175223229688,48.60134806625324,10.292474053848169,14.485352184680167,0.6106374896042825,0.7,8,178.43233351591252,369.2083712830264,67.14793169391524,167.76774342768712,51.67164468783658,0.28293590529054946,2.2634872423243957,69.7387116767056,Permeability model: J = A × TMP,User-provided baseline rejection,Screening-level approximation; requires experimental validation.,simple,70.68203336201604,100.0,0.0,100,100,synthetic_physics
Custom Polymer,RO,212.6655387435143,78.60872703936546,42.21503538444823,93767.35199708906,0.3033292341002283,-0.1755387006246063,0.7588642402592863,10000,67.14899903251477,0.057831775343601004,Custom contaminant,994.8749416800812,55.5614525690352,2099.2033156434295,7.860773404921659,34.83772441469716,0.001,1000.0,17.264136968946513,28.59955049104517,0.30161051421673535,6.71001856812271,14.938476400011524,34.83772441469716,8.272141449329634,0.7,8,572.0322983541469,1357.1118305621346,67.14899903251477,326.8263767165916,57.84928806366656,0.6850848009030883,5.480678407224707,69.73910490671597,Permeability model: J = A × TMP,User-provided baseline rejection,Screening-level approximation; requires experimental validation.,simple,70.68315687633134,100.0,0.0,100,100,synthetic_physics
Custom Polymer,RO,230.76450470071316,17.305907908595564,29.52012522062845,51243.898486430524,0.6856768532843667,-0.6564937078631587,0.6121498757095142,10000,87.59309383613223,0.14072689044854936,Custom contaminant,125.53665476207081,92.63916341645574,1844.2558520059904,8.600209524593716,11.613241287056663,0.001,1000.0,10.221733481683783,31.508854029958894,0.3137655014741118,37.373765607593946,13.526006179070555,11.613241287056663,5.570224603752501,0.7,8,26.36642282714212,176.89637830022747,87.59309383613223,15.575214957588766,85.09499002721628,0.40562434483576076,3.244994758686086,74.24315885698294,Permeability model: J = A × TMP,User-provided baseline rejection,Screening-level approximation; requires experimental validation.,simple,92.20325666961287,87.88807609047373,0.0,100,100,synthetic_physics
Custom Polymer,NF,225.34606562365727,22.167997324430857,91.75281273044963,97669.70901727174,0.3097528274464484,-0.6496292054978825,0.21950415094834308,10000,73.83983754211239,0.13180331187141087,Custom contaminant,505.03585278826324,5.539206171529765,215.66824786811762,5.364345673737091,35.28313832828286,0.001,1000.0,12.50531503919585,28.584934835528284,0.3257798966568157,74.70690537846404,8.282688756610114,35.28313832828286,8.365949685264173,0.7,8,93.04819964197462,277.21779033005856,73.83983754211239,132.11819955998774,66.43498257049434,0.4962426606825438,3.9699412854603504,72.20415067340983,Permeability model: J = A × TMP,User-provided baseline rejection,Screening-level approximation; requires experimental validation.,simple,77.72614478117093,100.0,0.0,100,100,synthetic_physics
Custom Polymer,MF,448.9927238081832,48.85016630839753,89.53463767859351,28041.927095409184,0.5609033983282932,-0.8240725029512275,0.4739342140923939,10000,60.844856927701564,0.014100675299937415,Custom contaminant,13.688252996844525,32.47521164408084,1809.6387241566122,6.731382085906944,19.05307895558488,0.001,1000.0,19.82576060936977,47.03672695900421,0.1343967737691219,36.13305700013711,15.747902948849854,19.05307895558488,7.3615588955463735,0.7,8,775.6363969745281,968.4917029581901,60.844856927701564,5.359655045012652,19.91295386368298,0.7867365327472373,6.2938922619778985,67.50357237283865,Permeability model: J = A × TMP,User-provided baseline rejection,Screening-level approximation; requires experimental validation.,simple,64.04721781863323,100.0,0.43523068158510814,100,100,synthetic_physics
Custom Polymer,NF,375.67808824032033,13.29085127815715,33.84944990051277,71785.10098771255,0.5379779531822626,0.6744204297233098,0.04685702266715508,10000,58.70214671937012,0.012031714429435136,Custom contaminant,200.1930820067192,0.4282810632935008,1562.2098748687122,7.169886373409533,29.736753442179843,0.001,1000.0,7.821266454580661,1.1571768435740162,0.6771522428635608,9.071831581093443,20.855005124216984,29.736753442179843,0.3242744783085799,0.7,8,80.88278038499767,103.95128925467102,58.70214671937012,82.67544528510595,22.191652489424772,0.3103677166999077,2.4829417335992616,66.62710668608372,Permeability model: J = A × TMP,User-provided baseline rejection,Screening-level approximation; requires experimental validation.,simple,61.791733388810655,100.0,0.0,100,100,synthetic_physics
Custom Polymer,UF,269.9328103957499,89.59687035616655,57.676468003089234,61037.46628112103,0.5771275938361841,-0.755182304539066,0.6749271008105595,10000,93.92970861243948,0.14626202076112088,Custom contaminant,448.62147936476356,34.450485167754685,2284.597885229319,7.257245728571887,17.719139633650915,0.001,1000.0,3.6087261224001193,9.34128472904444,0.46458526624009056,17.759330421173757,0.9633951842699157,17.719139633650915,0.615678872199931,0.7,8,280.834941304627,323.3305665395951,93.92970861243948,27.2326310246258,13.143089343445691,0.14320341767012304,1.1456273413609843,86.46259277692674,Permeability model: J = A × TMP,User-provided baseline rejection,Screening-level approximation; requires experimental validation.,simple,98.8733774867784,100.0,34.28455328277155,100,100,synthetic_physics
Custom Polymer,UF,45.75105716846652,8.244888367514996,45.66765610781971,24887.47809233574,0.7738856965207485,0.8219716789956084,0.4047432486712671,10000,72.39170281887134,0.05939147969595767,Custom contaminant,47.48745547669694,29.284683925470866,455.75306187475394,4.614221980090736,26.825847188091636,0.001,1000.0,2.1555441827285327,6.043634865967916,0.4857085776711551,38.171177384197904,3.7344174506106804,26.825847188091636,0.1440453456077437,0.7,8,14.236997741207325,17.7722211578431,72.39170281887134,13.110477831762648,19.891849112375215,0.08553746763702255,0.6842997410961804,58.64294302628524,Permeability model: J = A × TMP,User-provided baseline rejection,Screening-level approximation; requires experimental validation.,simple,76.20179244091719,47.456659137357754,0.5407544381239249,100,100,synthetic_physics
Custom Polymer,RO,104.55747646624349,24.353333164022033,80.2245959172779,91586.1158774579,0.38416107824157886,-0.18994654699804436,0.7124812837598667,10000,81.28340858366398,0.03170032707054432,Custom contaminant,116.61223107290274,43.76118906550508,1738.0022531720126,4.8322456189528555,18.798204802253338,0.001,1000.0,6.257671329325383,13.803611850184037,0.4661536536288731,53.97976882398039,12.47066226497582,18.798204802253338,2.0944199662487075,0.7,8,102.63230810161396,152.3951547140097,81.28340858366398,21.825834831388836,32.653824661146544,0.2483202910449016,1.9865623283592129,74.9465189518762,Permeability model: J = A × TMP,User-provided baseline rejection,Screening-level approximation; requires experimental validation.,simple,85.56148271964629,100.0,0.0,100,100,synthetic_physics
Custom Polymer,NF,412.7165268203632,48.45116358906078,7.151779229253843,26183.08921513102,0.6628236448689084,0.5034526495470999,0.8758166328973778,10000,80.04418251748444,0.06632136048191797,Custom contaminant,432.3686475789062,19.40000444929437,1987.3169884018573,7.510412536557125,14.645932342865077,0.001,1000.0,17.736125816898422,19.054941962219257,0.0592413778658578,29.591069058483786,20.94163279572203,14.645932342865077,9.177870200031666,0.7,8,214.27973681217864,859.3359333907098,80.04418251748444,86.28269816246744,75.06449707430619,0.7038145171066399,5.630516136853119,74.48996198012584,Permeability model: J = A × TMP,User-provided baseline rejection,Screening-level approximation; requires experimental validation.,simple,84.25703422893099,100.0,0.0,100,100,synthetic_physics
Custom Polymer,MF,250.29522445722043,95.67765406726838,87.64893911198563,82610.45635137292,0.7017970452775443,-0.23624917566235304,0.7564689407555436,10000,78.80921625349986,0.10935418025234446,Custom contaminant,186.00824650496688,73.13939117749419,2877.018059163098,5.815979934288578,39.58483971866881,0.001,1000.0,7.691845093146348,10.78645135403061,0.121163367502236,63.87214349661333,13.538396908849357,39.58483971866881,3.1405998072540857,0.7,8,167.44671216206754,735.937693961072,78.80921625349986,39.41660526752444,77.24716188121697,0.3052319483849137,2.4418555870793095,74.03497440918416,Permeability model: J = A × TMP,User-provided baseline rejection,Screening-level approximation; requires experimental validation.,simple,82.95706974052617,100.0,0.0,100,100,synthetic_physics
Custom Polymer,NF,172.72958204209232,45.387417975517415,86.40374844955602,66982.56444748689,0.6336812877933016,0.16698710293915253,0.991398048885621,10000,62.046362307915544,0.04303221830422813,Custom contaminant,101.63334935094954,55.401950207071046,1878.7417855842668,8.355769437392919,20.06337777847783,0.001,1000.0,0.4426846769275386,31.97924731732768,0.9987085375951789,27.091201534249436,4.822459633021964,20.06337777847783,2.889492882480897,0.7,8,16.326935705833957,20.092314463067087,62.046362307915544,38.573553186989855,18.740393318821003,0.017566852273082793,0.14053481818466235,57.72457254948319,Permeability model: J = A × TMP,User-provided baseline rejection,Screening-level approximation; requires experimental validation.,simple,65.31196032412161,54.42311901944652,6.298033405894987,100,100,synthetic_physics
Custom Polymer,NF,218.45358264075313,25.840379966303903,35.34904251138546,64001.57048864658,0.3415195907898303,-0.20788211043269067,0.040031262799263945,10000,95.8053308309812,0.06399846418765377,Custom contaminant,334.86208087444635,8.64841962453845,1939.1313246460325,9.18294970158253,11.23459600157201,0.001,1000.0,3.076394853847503,8.173101615424159,0.606252106794315,74.09228770387766,10.787556626039475,11.23459600157201,3.5036838371191217,0.7,8,39.85746584599471,79.49521194980144,95.8053308309812,14.046356465175181,49.86180315971311,0.12207916096462774,0.976633287717022,80.0,Permeability model: J = A × TMP,User-provided baseline rejection,Screening-level approximation; requires experimental validation.,simple,100.0,100.0,0.0,100,100,synthetic_physics
Custom Polymer,NF,373.8588402602692,25.428857788443754,16.921809868480718,36102.09822532796,0.6429223745586419,0.3901267798299566,0.6658537063562052,10000,91.38848515214389,0.045183895289502084,Custom contaminant,346.286888214815,4.233945060917598,2619.3627498302467,7.4945784095330685,18.9436687565108,0.001,1000.0,1.5744473226974378,36.447065654960525,0.7512501443535705,54.963398908626694,5.288852817248144,18.9436687565108,9.140838979235188,0.7,8,31.52617001664332,40.03639706426916,91.38848515214389,29.820546794797707,21.256226013456313,0.06247806841099189,0.49982454728793513,78.66944189815827,Permeability model: J = A × TMP,User-provided baseline rejection,Screening-level approximation; requires experimental validation.,simple,96.19840542330935,100.0,0.0,100,100,synthetic_physics
Custom Polymer,RO,379.0474293202294,66.11787603481307,65.44344841875697,90483.5911591183,0.7498149931679867,0.1912748360204799,0.4166694109625484,10000,68.15032558001488,0.12376643195670475,Custom contaminant,648.1592864359902,7.726603025365364,512.3394377435789,9.401115370629078,36.534944443135025,0.001,1000.0,19.046282484209883,21.964697399087864,0.7862202985643001,67.11687704857411,7.918877287197538,36.534944443135025,1.5388433411487081,0.7,8,472.58607514196683,1259.2997442150204,68.15032558001488,206.43662245276167,62.4723123058719,0.7558048610891631,6.046438888713305,70.1080146873739,Permeability model: J = A × TMP,User-provided baseline rejection,Screening-level approximation; requires experimental validation.,simple,71.73718482106828,100.0,0.0,100,100,synthetic_physics
Custom Polymer,UF,24.80740983816145,60.136255952432855,65.37101514398918,68338.03952598001,0.2789394207783628,0.44315848859770157,0.21639956328126553,10000,91.36900896200896,0.036771917742272,Custom contaminant,699.7389687853167,78.34134858339759,647.9426763403474,5.427918925795616,33.373112162031006,0.001,1000.0,1.9027796383720663,10.347286670866543,0.46097559712801606,74.76364465585779,13.704129119985746,33.373112162031006,3.9380106972614324,0.7,8,69.13088528776309,114.42604335422021,91.36900896200896,60.394407685191624,39.58465812388554,0.07550712856723374,0.6040570285378699,78.66226645968752,Permeability model: J = A × TMP,User-provided baseline rejection,Screening-level approximation; requires experimental validation.,simple,96.17790417053575,100.0,0.0,100,100,synthetic_physics
Custom Polymer,RO,489.4014088890135,46.90741931590757,43.939762395060725,41458.60953032849,0.3185260508247574,-0.3486103805248313,0.6878370599294981,10000,52.037696307359866,0.10386342521871623,Custom contaminant,209.1924531446141,38.42080032044929,524.9630204249628,7.316506264434818,31.88051334856419,0.001,1000.0,7.222180405916021,9.007412299472884,0.2342405261118638,66.35846888941794,6.789745273906532,31.88051334856419,7.769555670811148,0.7,8,167.3565488239117,338.7738446754343,52.037696307359866,100.33351967930372,50.59933006804308,0.28659446078149864,2.292755686251989,64.17178285007995,Permeability model: J = A × TMP,User-provided baseline rejection,Screening-level approximation; requires experimental validation.,simple,54.77652242879986,100.0,0.0,100,100,synthetic_physics
Custom Polymer,NF,102.47895162805165,73.00354740311568,47.38595791804546,3612.0865018432373,0.7719596935410791,-0.7044931098557852,0.3534069764530914,10000,69.2012522862858,0.07596733539246993,Custom contaminant,787.5895821108289,0.6090279675126764,2804.1689488746165,7.8759367612180675,38.51946637446807,0.001,1000.0,16.38431284084642,46.46407268607763,0.6049905454263212,31.798173715788113,10.908480483169686,38.51946637446807,6.614519872802718,0.7,8,522.2488414271833,1196.1129591442084,69.2012522862858,242.56772841381016,56.33783269091571,0.6501711449981695,5.201369159985356,70.49519821073687,Permeability model: J = A × TMP,User-provided baseline rejection,Screening-level approximation; requires experimental validation.,simple,72.8434234592482,100.0,0.0,100,100,synthetic_physics
Custom Polymer,UF,219.1966112855048,73.43560556331113,10.092953591922928,83083.67157399643,0.24293204774940294,0.8878952190494451,0.15554579993726791,10000,56.44529338550965,0.12272203603517196,Custom contaminant,820.5148094259843,73.87594198812472,2885.5383453236436,5.623237772112496,34.799462169708626,0.001,1000.0,7.170402494859733,27.332532652897694,0.4511440294043154,5.438751700520543,13.999861548170207,34.799462169708626,7.500308288863135,0.7,8,94.46970329265156,526.5628493427014,56.44529338550965,357.372817973932,82.05917804292949,0.2845397817696847,2.2763182541574776,65.79563440518777,Permeability model: J = A × TMP,User-provided baseline rejection,Screening-level approximation; requires experimental validation.,simple,59.41609830053648,100.0,0.0,100,100,synthetic_physics
Custom Polymer,RO,466.51137232758833,53.50955440243188,18.64635431195826,64771.783306230085,0.23434589596074082,-0.8729333034093272,0.6853152424192422,10000,55.523674676944175,0.02040153001458312,Custom contaminant,742.5441275499952,5.520223320807116,2448.3306192390683,8.776892551886966,14.24180284233298,0.001,1000.0,10.463936816083983,5.734649057478175,0.6362455075881274,9.719750972790992,22.69530012358456,14.24180284233298,2.1565342801588585,0.7,8,352.4032564284166,559.9205963238558,55.523674676944175,330.25634183638243,37.06192293298173,0.4152355882720291,3.321884706176233,65.45609067045311,Permeability model: J = A × TMP,User-provided baseline rejection,Screening-level approximation; requires experimental validation.,simple,58.44597334415176,100.0,0.0,100,100,synthetic_physics
Custom Polymer,MF,344.6183814148361,13.700851013333896,21.750048384350873,45369.49006389538,0.5011672989390614,0.9977264807833659,0.025926228090944137,10000,50.01568954023994,0.05580322873366745,Custom contaminant,372.49480412439567,88.38372360986317,2746.4893883221757,9.283149858155912,14.295362514581434,0.001,1000.0,8.359675736585254,37.54837295245614,0.319484957106399,54.74285213829134,6.072857284990662,14.295362514581434,3.301850653812,0.7,8,81.61332485085126,114.53467178673687,50.01568954023994,186.18895934001307,28.743564217117623,0.3317331644155951,2.6538653153247607,63.426832988509446,Permeability model: J = A × TMP,User-provided baseline rejection,Screening-level approximation; requires experimental validation.,simple,52.64809425288415,100.0,0.0,100,100,synthetic_physics
Custom Polymer,UF,132.74942768360762,96.46808460160143,31.319696532747844,2841.046927416097,0.27843063266179935,-0.6575901155131485,0.5068269662175497,10000,55.62453170976022,0.09577708720058441,Custom contaminant,876.1500798509297,36.25188818037357,588.6288859856729,6.400149974706478,33.579004643518815,0.001,1000.0,11.911455946775993,5.956017453052553,0.541815282783763,40.10640360916949,8.187138016497293,33.579004643518815,1.1905899009279006,0.7,8,524.5667134022344,1149.075340001835,55.62453170976022,388.79570085915987,54.348797233661216,0.47267682366290314,3.781414589303225,65.4932485246485,Permeability model: J = A × TMP,User-provided baseline rejection,Screening-level approximation; requires experimental validation.,simple,58.552138641852856,100.0,0.0,100,100,synthetic_physics
Custom Polymer,RO,490.7448484539347,18.428288669432305,20.081546188283802,14985.477864172466,0.49913512708925667,-0.11266085103459922,0.24955718202655597,10000,71.42822681277426,0.10266066840394909,Custom contaminant,288.8835261836439,91.52457760303804,988.4040878153469,5.18907418493712,38.63703540618444,0.001,1000.0,16.24910008033995,17.813743617329813,0.8430175326324372,43.911068686535,8.648683709134977,38.63703540618444,8.412154736438222,0.7,8,123.229046313922,299.44310689900027,71.42822681277426,82.53914587645063,58.84725897013681,0.6448055592594933,5.158444474075947,71.31566250996946,Permeability model: J = A × TMP,User-provided baseline rejection,Screening-level approximation; requires experimental validation.,simple,75.18760717134131,100.0,0.0,100,100,synthetic_physics
Custom Polymer,UF,155.95867289512185,61.061173010539406,37.56963212845992,604.6712697586196,0.7732710189801956,0.09925815214567346,0.5984326016657832,10000,79.93458214129703,0.0848430118188134,Custom contaminant,297.14736632585755,97.15761249080562,1902.8383962943262,8.025528163323768,23.643782719511496,0.001,1000.0,5.899655729717495,4.1531001265715375,0.3567278946022074,18.20730719512941,16.05907430403978,23.643782719511496,8.802138459546923,0.7,8,92.22857118360365,360.2398992149001,79.93458214129703,59.62386070941416,74.39801327265391,0.23411332279512778,1.8729065823610223,74.44958289416206,Permeability model: J = A × TMP,User-provided baseline rejection,Screening-level approximation; requires experimental validation.,simple,84.14166541189161,100.0,0.0,100,100,synthetic_physics
Custom Polymer,RO,158.3498805403696,33.95537991599061,67.36608587907216,15352.507707003017,0.7506061986743894,-0.27230643794903386,0.10119944592677466,10000,58.71673184554001,0.14024818102108141,Custom contaminant,254.64809548532978,66.22688038312864,552.8791482609688,5.164610154092666,36.37714656699933,0.001,1000.0,3.131057758030724,1.918778750077679,0.5062208576310134,69.7045109947201,8.16078956726718,36.37714656699933,1.368806479392534,0.7,8,33.848080920991585,106.31625571284304,58.71673184554001,105.127056109434,68.1628357826914,0.12424832383077661,0.9939865906462129,66.63248015362001,Permeability model: J = A × TMP,User-provided baseline rejection,Screening-level approximation; requires experimental validation.,simple,61.80708615320001,100.0,0.0,100,100,synthetic_physics
Custom Polymer,MF,341.60192844981253,85.21837256286749,75.46168896056345,69975.10626192442,0.3691948469916442,-0.35132001359272125,0.7169585958944741,10000,85.7639791080438,0.14283531568711852,Custom contaminant,572.9732196698391,29.46211057876735,1519.6335180583847,7.682282900355515,22.801893987307373,0.001,1000.0,15.864435842519054,29.646047398576048,0.019341370351374045,47.73799161740064,15.389688969633733,22.801893987307373,9.1610863902863,0.7,8,150.0705974762635,1351.9414041274972,85.7639791080438,81.56858725751239,88.89962264502769,0.6295411053655001,5.036328842924001,76.59725546085824,Permeability model: J = A × TMP,User-provided baseline rejection,Screening-level approximation; requires experimental validation.,simple,90.27787274530927,100.0,0.0,100,100,synthetic_physics
Custom Polymer,RO,212.7236200954524,57.87229826786447,48.02474762072302,53399.814632654095,0.14711284946829753,0.794567335066203,0.9104123398316256,10000,77.34817453114738,0.0857005497795371,Custom contaminant,66.98047558451498,59.795051311975676,1344.540190649571,8.254261781406623,11.413747497867172,0.001,1000.0,14.275576118043897,15.05779736778338,0.6551882771485769,52.034448148409226,5.830774888857464,11.413747497867172,4.4604782176410405,0.7,8,501.24165432870785,826.1603990490393,77.34817453114738,15.172300427611779,39.328772608119756,0.5664911162485857,4.531928929988686,73.49669587989641,Permeability model: J = A × TMP,User-provided baseline rejection,Screening-level approximation; requires experimental validation.,simple,81.4191310854183,100.0,0.0,100,100,synthetic_physics
Custom Polymer,MF,306.73990536143924,7.805091895862735,44.84797430076214,31521.260148402744,0.549151975238143,0.22912788259052164,0.010398101510140534,10000,80.3240059199813,0.11155319982781582,Custom contaminant,771.0427320775597,5.897577038996116,980.60940961862,6.527641363309144,15.393151233847355,0.001,1000.0,8.530530649067193,4.485347255454025,0.12208511017698107,55.15210721325646,6.6704528372636425,15.393151233847355,7.142917890047768,0.7,8,31.6366905019563,66.58157563644303,80.3240059199813,151.7103223179951,52.48431687062668,0.3385131212655404,2.708104970124323,74.59305481262469,Permeability model: J = A × TMP,User-provided baseline rejection,Screening-level approximation; requires experimental validation.,simple,84.5515851789277,100.0,0.0,100,100,synthetic_physics
Custom Polymer,RO,33.57317872816731,56.70760225130678,39.753417695097184,79798.65349558879,0.6487661061438933,-0.24888071508498366,0.6227140140877143,10000,61.35468855409246,0.08915899124616093,Custom contaminant,90.45204700804723,43.46042841186101,629.9102764605166,9.300287092549137,23.347024539004956,0.001,1000.0,11.89732022302319,18.65871115617051,0.29585362488740485,20.21898372961502,21.92898219267496,23.347024539004956,8.014711246026831,0.7,8,95.49324693977098,674.6685030636276,61.35468855409246,34.95547527545854,85.84590113423968,0.47211588224369233,3.7769270579495386,67.60435894098143,Permeability model: J = A × TMP,User-provided baseline rejection,Screening-level approximation; requires experimental validation.,simple,64.58388268851837,100.0,0.0,100,100,synthetic_physics
Custom Polymer,MF,375.8951893829812,42.43454692662867,2.524268841096416,53072.54837743409,0.1910325080594063,-0.5801313738128107,0.696040961424093,10000,62.831387653345686,0.1343237892670634,Custom contaminant,660.5980608399282,83.22834849108091,1884.0496611575338,9.213097546132095,20.850540250664505,0.001,1000.0,11.072983422334477,26.278629621772343,0.9047528009971908,17.368655645646015,14.084427934887271,20.850540250664505,7.568868822847105,0.7,8,70.85229104728715,469.8770346528337,62.831387653345686,245.53513240310855,84.92109938941024,0.43940410441241534,3.5152328352993227,68.1484059775484,Permeability model: J = A × TMP,User-provided baseline rejection,Screening-level approximation; requires experimental validation.,simple,66.13830279299546,100.0,0.0,100,100,synthetic_physics
Custom Polymer,MF,191.32438266149356,86.89057093698166,37.92846194069567,17744.221609643653,0.5088338487835222,-0.15886397992537504,0.015190104682004546,10000,53.48494576542581,0.03331519112995555,Custom contaminant,771.6366599229708,89.20395160337483,1682.3585346412451,4.633392775084741,26.032568567255378,0.001,1000.0,17.14098811981951,37.724403827006896,0.29818718206040123,14.291795696626837,21.66601994441271,26.032568567255378,8.55547859165889,0.7,8,723.6548032525088,1489.390244155137,53.48494576542581,358.92721085702664,51.41268004860573,0.6801979418068375,5.4415835344547,64.70498001884108,Permeability model: J = A × TMP,User-provided baseline rejection,Screening-level approximation; requires experimental validation.,simple,56.29994291097454,100.0,0.0,100,100,synthetic_physics
Custom Polymer,NF,413.60050001403647,10.62405114070901,7.265079706801665,75980.78926605282,0.4754174353474707,-0.17090395181936224,0.9038621959760219,10000,91.88124824618092,0.013355403374323206,Custom contaminant,619.9263695217606,77.22674032074582,1696.422681347361,9.898032994457129,30.581425139426447,0.001,1000.0,2.2620316514011014,10.71660258799772,0.8279831649874674,79.75675048582251,2.8109727715011577,30.581425139426447,1.093260246665979,0.7,8,23.14646574880121,24.03193994638776,91.88124824618092,50.33028299793494,3.684572279898879,0.08976316084169551,0.7181052867335641,89.45513537339686,Permeability model: J = A × TMP,User-provided baseline rejection,Screening-level approximation; requires experimental validation.,simple,96.71710341703255,77.15488582933736,81.5771386005056,100,100,synthetic_physics
Custom Polymer,MF,384.0596565302089,7.371073889937417,7.787451490419899,88937.24005946142,0.6603148686229157,0.7631263997287645,0.6505134021327537,10000,66.09456745474904,0.1364154125982547,Custom contaminant,305.7362897246875,27.551083945484933,2670.5612156590364,8.084935554959248,36.87016254127728,0.001,1000.0,3.2868455272286536,47.66254309051594,0.6166147351333238,55.10262830700707,21.98042363767161,36.87016254127728,3.869454449476824,0.7,8,1.208068913477328,24.22758124601271,66.09456745474904,103.66121147895694,95.01366272922458,0.1304303781689734,1.0434430253517872,45.35735420947198,Permeability model: J = A × TMP,User-provided baseline rejection,Screening-level approximation; requires experimental validation.,simple,69.57322889973582,4.02689637825776,0.0,100,100,synthetic_physics
Custom Polymer,MF,323.76690435099715,78.98751916773006,89.79733639149742,68166.05511529442,0.14734768815214505,-0.6337193083004395,0.9539781822670841,10000,98.33565862152359,0.14527493048626255,Custom contaminant,46.4314063961168,38.244816794941826,2303.0508415651884,8.517314821946986,12.577267148498755,0.001,1000.0,12.267879964372476,8.000611308502016,0.4982772395391154,22.976427563084112,1.7492875357661004,12.577267148498755,0.8921923127134347,0.7,8,751.5567269917049,969.0094038332825,98.33565862152359,0.7727771092591136,22.440718942598647,0.4868206338963008,3.8945650711704065,80.0,Permeability model: J = A × TMP,User-provided baseline rejection,Screening-level approximation; requires experimental validation.,simple,100.0,100.0,0.0,100,100,synthetic_physics
Custom Polymer,NF,456.337545367655,74.71995045595187,93.25057419552209,47263.99826718849,0.389304749266963,-0.28318541499580885,0.61630709605209,10000,67.54281340986955,0.1132096189273909,Custom contaminant,803.3041529537036,87.5844593429381,804.1226977113041,7.162132295754253,16.703338501895164,0.001,1000.0,0.9436053037227545,35.68343990432205,0.5534914611957734,59.29454596648127,2.559138418053622,16.703338501895164,9.955709172713226,0.7,8,52.771999367444536,70.50614154413763,67.54281340986955,260.7299278104505,25.152620450221807,0.037444654939588845,0.29955723951671076,69.88419441416247,Permeability model: J = A × TMP,User-provided baseline rejection,Screening-level approximation; requires experimental validation.,simple,71.09769832617847,100.0,0.0,100,100,synthetic_physics
Custom Polymer,RO,237.84991449672123,86.73981280319977,25.113287024750125,73887.83304171806,0.7154580997694961,0.629332532161557,0.8117740782411574,10000,73.10502894123437,0.12389854242792205,Custom contaminant,693.7977648910875,13.245139814420437,431.1347717871084,8.631532815607839,28.763922663187714,0.001,1000.0,10.483647120389273,45.45582775159258,0.6629944533025064,34.71100588162251,10.22739749214032,28.763922663187714,6.091919172094091,0.7,8,256.1005047680353,909.3495887173699,73.10502894123437,186.59670807382085,71.83695820116189,0.4160177432054044,3.3281419456432353,71.9334317151916,Permeability model: J = A × TMP,User-provided baseline rejection,Screening-level approximation; requires experimental validation.,simple,76.9526620434046,100.0,0.0,100,100,synthetic_physics
Custom Polymer,RO,382.5348894963107,56.870977387963286,51.36732733969879,72826.61991409109,0.5936851849349255,0.660693681227122,0.06255178627729441,10000,87.67211139089075,0.07949526538799505,Custom contaminant,83.94618883282035,67.90100281695197,2177.966562605634,7.141763017268107,33.813969329492885,0.001,1000.0,6.1449125508601705,10.89345370804037,0.35722661222584573,35.753788497198315,16.854439656450968,33.813969329492885,8.470647384994454,0.7,8,91.52036410505947,349.46718273098054,87.67211139089075,10.348792650902602,73.8114568040823,0.24384573634032147,1.9507658907225718,77.30025156506501,Permeability model: J = A × TMP,User-provided baseline rejection,Screening-level approximation; requires experimental validation.,simple,92.28643304304289,100.0,0.0,100,100,synthetic_physics
Custom Polymer,UF,95.25390394410474,37.255491395225484,16.68295763133002,68829.0578560261,0.2737203147518259,0.05077386570369358,0.7918298431946843,10000,83.4798698185886,0.04826422864644424,Custom contaminant,339.53808311017747,65.33642866030318,1693.456473085838,4.578360924820267,36.21974767820639,0.001,1000.0,10.349742311461846,24.194689646675805,0.20645494326593972,33.2745364227903,8.321384264404829,36.21974767820639,2.780283260011326,0.7,8,258.0454631435096,385.5847356274679,83.4798698185886,56.09213334527018,33.076846850903394,0.41070406030720796,3.2856324824576637,75.75574151211158,Permeability model: J = A × TMP,User-provided baseline rejection,Screening-level approximation; requires experimental validation.,simple,87.87354717746169,100.0,0.0,100,100,synthetic_physics
Custom Polymer,NF,288.0292215769188,46.765260667747924,89.03057084615206,94163.72571619251,0.25363140045966365,-0.799789142465579,0.7853375514877494,10000,99.64358404156658,0.13022201012885234,Custom contaminant,33.46042809754738,25.1263550706466,225.69260341966537,8.924676262246999,27.44220928876949,0.001,1000.0,10.371627115107666,28.168044217829852,0.2599267461096252,50.122877685414714,1.2206739939047049,27.44220928876949,6.495516067311312,0.7,8,413.7475182918406,485.0318455866924,99.64358404156658,0.11925830549979896,14.696834433340467,0.4115725048970225,3.29258003917618,85.30316556665953,Permeability model: J = A × TMP,User-provided baseline rejection,Screening-level approximation; requires experimental validation.,simple,100.0,100.0,26.515827833297667,100,100,synthetic_physics
Custom Polymer,NF,339.7828692187953,33.87963431290981,82.80002859762672,71696.62771318946,0.18980812604699454,-0.6097115589233699,0.6371084131782386,10000,64.44186506444571,0.022317776509704356,Custom contaminant,163.41930321839328,16.561718054040064,1485.5936297733085,7.644312720576984,15.292068245632448,0.001,1000.0,14.307432885191778,14.769617767574895,0.3184425570100212,21.762396580558068,18.952344194664988,15.292068245632448,9.602156946075082,0.7,8,317.54485325943216,484.7305941067975,64.44186506444571,58.10885634913891,34.49044538965709,0.5677552736761001,4.542042189408801,68.74173976058526,Permeability model: J = A × TMP,User-provided baseline rejection,Screening-level approximation; requires experimental validation.,simple,67.83354217310075,100.0,0.0,100,100,synthetic_physics
Custom Polymer,NF,251.32492585226544,5.1610335017672275,26.79636232612211,16226.003966325183,0.6899335993964125,-0.8302920251335897,0.9664762406883838,10000,79.36683745356885,0.08007226912575367,Custom contaminant,848.877116194995,2.754762129145616,2353.742973280328,4.699624273411099,35.22334296821296,0.001,1000.0,10.677689140909663,3.9953407156444976,0.8349125884133112,7.048558780343873,3.7517112829996817,35.22334296821296,7.998462785883627,0.7,8,40.808290222185484,55.1079113776909,79.36683745356885,175.15019520397053,25.94839978147724,0.4237178233909451,3.389742587127561,74.24041379868325,Permeability model: J = A × TMP,User-provided baseline rejection,Screening-level approximation; requires experimental validation.,simple,83.54403942480931,100.0,0.0,100,100,synthetic_physics
Custom Polymer,RO,441.88046513386854,63.90749800631727,62.72934668267039,29577.39306013548,0.1935763664862135,0.9223447817933652,0.10479768914339516,10000,76.39762894367102,0.04452244567104313,Custom contaminant,271.4992569456402,59.45862193028131,2414.0089398187197,8.663076896987672,36.064050675806605,0.001,1000.0,5.999474210664869,23.821817704038615,0.019241227487824704,61.01432173522741,7.605063135343651,36.064050675806605,5.658785979374846,0.7,8,273.28426515677586,383.411386157017,76.39762894367102,64.08026203948602,28.722965716813942,0.23807437362954162,1.904594989036333,73.14649487398407,Permeability model: J = A × TMP,User-provided baseline rejection,Screening-level approximation; requires experimental validation.,simple,80.4185567828116,100.0,0.0,100,100,synthetic_physics
Custom Polymer,UF,92.95713818953084,82.12055120629853,81.9099497085495,87806.56501791907,0.132155897974706,0.9849174195500274,0.24777941443969453,10000,65.44074093376274,0.04115368073261468,Custom contaminant,274.85737138286703,55.266135610364664,795.4505784809608,6.362627868402429,29.66819747329646,0.001,1000.0,16.753318830838992,34.9443335130771,0.59837961633945,16.079642190580152,19.67871663622014,29.66819747329646,0.469021391131083,0.7,8,612.1228884387224,1375.7917769233588,65.44074093376274,94.98867103885489,55.50759215848825,0.6648142398508591,5.318513918806873,69.10974665980731,Permeability model: J = A × TMP,User-provided baseline rejection,Screening-level approximation; requires experimental validation.,simple,68.88499045659235,100.0,0.0,100,100,synthetic_physics
Custom Polymer,UF,37.95886929666098,67.07546858286179,37.468737176757934,65378.82407888424,0.34292167151251324,-0.08851853840101165,0.45796101016618085,10000,52.27447461801047,0.06738284632017051,Custom contaminant,644.6537194840506,54.60522460754338,318.322922207033,8.008335914120494,19.26588264745783,0.001,1000.0,0.4858090950246375,8.624182297128016,0.5025840607433939,28.28012442725515,16.818000823208443,19.26588264745783,2.482469408101068,0.7,8,10.492220486570664,32.58587269059359,52.27447461801047,307.6643745183002,67.80132118542461,0.01927813870687638,0.15422510965501104,48.002534036672394,Permeability model: J = A × TMP,User-provided baseline rejection,Screening-level approximation; requires experimental validation.,simple,55.0257627558005,34.97406828856888,0.0,100,100,synthetic_physics
Custom Polymer,UF,388.67012255283265,29.361240958004014,62.46550705085715,80022.02983499243,0.3698892900506242,-0.9063901163690591,0.5354455210588809,10000,99.67091217107057,0.14550382062465247,Custom contaminant,228.81197200472653,75.56965094242524,1100.3603122781913,4.961634881098549,29.9774410180748,0.001,1000.0,10.117200844630025,27.422297325128188,0.8291187356131534,30.24077569155673,16.17672684955808,29.9774410180748,3.7252955229299904,0.7,8,28.22299121881977,297.0535718197039,99.67091217107057,0.7529923510009715,90.49902310686583,0.40147622431443597,3.2118097945154878,78.51915934901648,Permeability model: J = A × TMP,User-provided baseline rejection,Screening-level approximation; requires experimental validation.,simple,100.0,94.0766373960659,0.0,100,100,synthetic_physics
Custom Polymer,NF,195.22740259481097,95.05341185720933,48.842985726753284,11268.928465268384,0.5814787805633581,0.9267586994370425,0.9079452465442571,10000,78.54084580662612,0.05956070793053702,Custom contaminant,584.870891824148,81.59310621992495,2597.588291853517,8.913063309654646,23.664291353252132,0.001,1000.0,2.553388193490554,28.889497910200042,0.16486453975303159,9.5718750423392,12.218694085578232,23.664291353252132,6.588197155461617,0.7,8,117.2262788777787,242.7082595871933,78.54084580662612,125.50834650870483,51.700745958476546,0.10132492839417716,0.8105994271534173,73.93610108665172,Permeability model: J = A × TMP,User-provided baseline rejection,Screening-level approximation; requires experimental validation.,simple,82.67457453329065,100.0,0.0,100,100,synthetic_physics
Custom Polymer,MF,428.5321801391326,78.50071984147606,85.86681076289827,76126.8426966786,0.5922675778342976,-0.9797248617186007,0.6261023118092105,10000,56.01204202654198,0.013506734188218454,Custom contaminant,164.84803058459886,82.32921614417502,2257.1632399900623,9.692634431231273,39.36928775951232,0.001,1000.0,17.887022930204846,7.513376497872959,0.8795989135157306,67.8977851091484,20.970517706702886,39.36928775951232,1.6016876094532653,0.7,8,1057.7931259874451,1404.1441758420688,56.01204202654198,72.51328241362658,24.666345223909502,0.7098024977981932,5.678419982385545,65.63601548346283,Permeability model: J = A × TMP,User-provided baseline rejection,Screening-level approximation; requires experimental validation.,simple,58.96004423846524,100.0,0.0,100,100,synthetic_physics
Custom Polymer,NF,462.6663509962,18.208838264315947,37.49355137321752,45870.492524659,0.18710976948069513,-0.9587314239349052,0.9940904697671161,10000,93.74519651726456,0.1372889997558424,Custom contaminant,291.7174385793973,22.010157274543907,1335.0130187087373,6.719916213868041,10.167983165927218,0.001,1000.0,15.62921162868469,49.83668486895885,0.5334039614010685,34.119402125933846,9.729669490698278,10.167983165927218,1.0511636085037968,0.7,8,74.83399095787391,284.5897867454855,93.74519651726456,18.246352508010755,73.70461118311337,0.6202068111582564,4.961654489266051,79.53770398004484,Permeability model: J = A × TMP,User-provided baseline rejection,Screening-level approximation; requires experimental validation.,simple,98.67915422869955,100.0,0.0,100,100,synthetic_physics
Custom Polymer,MF,140.41929099836577,50.711146074828484,43.75295211233504,54730.957201439465,0.6943459540461847,-0.549515394600776,0.027664180906311953,10000,51.90744971960876,0.024454476769494464,Custom contaminant,574.7781549563584,80.81848100379247,2671.7372239138317,7.810679211849827,22.094297573526802,0.001,1000.0,3.2593912214917196,20.669498632730473,0.33909098256870573,70.25194106428533,11.93790536914927,22.094297573526802,2.3393394095498357,0.7,8,123.43947274016702,165.28746434808022,51.90744971960876,276.4254731730917,25.318309390835093,0.1293409215912394,1.034727372729915,64.12379726511901,Permeability model: J = A × TMP,User-provided baseline rejection,Screening-level approximation; requires experimental validation.,simple,54.6394207574829,100.0,0.0,100,100,synthetic_physics
Custom Polymer,MF,76.87038062591762,91.93995945784398,5.984238777410385,1778.2017313114752,0.22809225346880813,0.6217480358212515,0.5234667866310813,10000,81.22958004011161,0.05687109293528154,Custom contaminant,77.99120569367834,85.61581624921682,656.4933891636816,4.198355203270689,27.18112407799581,0.001,1000.0,1.8491265636151013,5.692330741131876,0.8023732611676999,41.87071919884966,6.175448627807861,27.18112407799581,3.551401591259236,0.7,8,119.65883313533482,170.00862129119477,81.22958004011161,14.639276840483806,29.616020513230122,0.07337803829739693,0.5870243063791755,74.92668738319901,Permeability model: J = A × TMP,User-provided baseline rejection,Screening-level approximation; requires experimental validation.,simple,85.50482109485434,100.0,0.0,100,100,synthetic_physics
Custom Polymer,UF,367.32807963315406,7.569060330903582,12.531580977387781,61818.07248156168,0.5248802141269752,0.9449243690707436,0.3745494812554496,10000,53.24737359615804,0.08294292805319604,Custom contaminant,641.9633436441724,13.960278578624907,1703.2997232520704,5.186602729949588,35.34190173643205,0.001,1000.0,16.736197616519828,22.051825703923647,0.9670757586076759,78.48304058373063,3.5374005902690584,35.34190173643205,3.7403666678414296,0.7,8,94.46604541106043,126.67728946936332,53.24737359615804,300.13472370357204,25.42779703704753,0.6641348265836821,5.3130786126694565,64.6174534301635,Permeability model: J = A × TMP,User-provided baseline rejection,Screening-level approximation; requires experimental validation.,simple,56.049866943324254,100.0,0.0,100,100,synthetic_physics
Custom Polymer,RO,51.57052669490775,38.88289487759957,26.856036317642484,95228.99698618706,0.3881100759820294,0.525341717095025,0.38670536351217377,10000,56.57742231389989,0.13015697187332287,Custom contaminant,10.41274773407282,5.594087397445002,1156.7147771014254,8.121389533112419,20.25112885872327,0.001,1000.0,1.5129937888953042,16.57416165297329,0.2525310504002607,5.4064849863648465,13.067844959739443,20.25112885872327,1.254794555967442,0.7,8,10.73783659377507,58.829578444077185,56.57742231389989,4.5214834740854,81.74755475431063,0.06003943611530554,0.4803154889224443,49.79251064554761,Permeability model: J = A × TMP,User-provided baseline rejection,Screening-level approximation; requires experimental validation.,simple,59.55518138305251,35.7927886459169,0.0,100,100,synthetic_physics
Custom Polymer,NF,150.8731815103664,64.47779319201904,72.78645319347474,26713.83487217424,0.3304355697456638,-0.5061815237450695,0.9568886003161919,10000,59.5069343766714,0.031561187526883056,Custom contaminant,450.5849428732167,18.930635920056915,554.4545232282636,4.575277226206513,29.205137443247484,0.001,1000.0,12.31922864705754,32.857981702020346,0.7755670079293023,29.476850959443187,22.082957739880158,29.205137443247484,7.358725649580684,0.7,8,395.6451995364196,794.3166769901726,59.5069343766714,182.4556566064893,50.19049568043822,0.4888582800362271,3.910866240289817,66.92360740193158,Permeability model: J = A × TMP,User-provided baseline rejection,Screening-level approximation; requires experimental validation.,simple,62.638878291233056,100.0,0.0,100,100,synthetic_physics
Custom Polymer,RO,363.2714602750885,36.48710889782362,29.02021631820086,42540.448423111906,0.16792125237335093,-0.09743899686810575,0.04314098309523984,10000,50.196903405357006,0.14006734622383044,Custom contaminant,692.4434919820139,56.18469470659689,1089.1959143268678,7.423228088110445,36.74727329014995,0.001,1000.0,13.117126652088519,30.521617899721708,0.46560245794196126,30.92727729881435,16.915857177160227,36.74727329014995,9.811711316056561,0.7,8,44.76911694371381,478.60602858129835,50.196903405357006,344.8583011751214,90.6459354311896,0.5205208993088183,4.164167194470546,63.493595991447314,Permeability model: J = A × TMP,User-provided baseline rejection,Screening-level approximation; requires experimental validation.,simple,52.83884568984948,100.0,0.0,100,100,synthetic_physics
Custom Polymer,RO,218.13126982508916,39.82831519740588,43.383233764139206,42841.62482094729,0.7934373413579466,0.4135565150186813,0.35918444921059167,10000,68.53796845395345,0.06746555408788808,Custom contaminant,46.3450657046452,52.781640202125004,2453.0047594160174,7.963406759245063,15.952625402846248,0.001,1000.0,14.615077979291724,36.25347171026949,0.2699138234925071,51.71559926427013,14.8573022783655,15.952625402846248,8.413897476176198,0.7,8,213.63644177886061,582.0939323938966,68.53796845395345,14.58109919203147,63.29863104735214,0.5799634123406265,4.639707298725012,70.25083048303549,Permeability model: J = A × TMP,User-provided baseline rejection,Screening-level approximation; requires experimental validation.,simple,72.14522995152996,100.0,0.0,100,100,synthetic_physics
Custom Polymer,MF,105.47086721064615,49.11098087301272,5.370369740338396,41851.6226613698,0.6517533293998063,-0.7025712120320036,0.4599487369365248,10000,99.38948474578399,0.07835840194660533,Custom contaminant,503.34058588086964,55.87935837241681,639.4126739649495,4.882983296115666,30.320638873453255,0.001,1000.0,8.03618283613425,15.205424782558312,0.041077703720698605,68.4537872883862,1.2597283473535694,30.320638873453255,7.524832928424861,0.7,8,357.5683567224877,394.6648215574223,99.38948474578399,3.072971057462972,9.39948604705757,0.3188961445461586,2.551169156369269,90.60051395294244,Permeability model: J = A × TMP,User-provided baseline rejection,Screening-level approximation; requires experimental validation.,simple,100.0,100.0,53.00256976471215,100,100,synthetic_physics
Custom Polymer,MF,197.17439390930468,60.27009323996037,25.52012206832607,15962.266790091277,0.47337160058446326,0.3912353899082872,0.19549329494514656,10000,71.77431147688496,0.06947497069225238,Custom contaminant,223.81935758866817,56.504944625213106,523.213491666932,7.05849503991148,13.402945340979985,0.001,1000.0,9.813739695331721,16.268353688902288,0.45772382916071963,37.531201958238064,21.836428386236932,13.402945340979985,4.950362439568981,0.7,8,129.74022809551053,591.475006470343,71.77431147688496,63.17455472741453,78.06496865019844,0.38943411520566323,3.115472921645306,71.44316738622078,Permeability model: J = A × TMP,User-provided baseline rejection,Screening-level approximation; requires experimental validation.,simple,75.55190681777364,100.0,0.0,100,100,synthetic_physics
Custom Polymer,RO,120.56967252674046,35.856196668791625,8.433848682685902,42364.40558473861,0.5680899209524517,0.6763340682187924,0.5659149117991552,10000,81.93962621269462,0.03070372625445748,Custom contaminant,46.83397785110498,79.1688145177316,584.4108015797306,4.547017213196515,38.12686962719786,0.001,1000.0,19.277723008371694,31.196607288522237,0.3848508999604205,67.49296557230389,5.310919044382192,38.12686962719786,4.3509840415538505,0.7,8,587.2211990009096,691.2258275146648,81.93962621269462,8.458391459373374,15.046403703939825,0.7649890088807093,6.1199120710456745,80.14187963757924,Permeability model: J = A × TMP,User-provided baseline rejection,Screening-level approximation; requires experimental validation.,simple,86.25223811862591,100.0,24.76798148030087,100,100,synthetic_physics
Custom Polymer,RO,184.93847651029486,91.35729908342648,92.0579641208651,65263.1496692048,0.17751809819088432,-0.03561442068339504,0.24532836622405674,10000,94.15729159290565,0.025068405857349273,Custom contaminant,63.76717310210029,70.44290335500783,1414.5296174076434,9.030189325618506,12.238888935079352,0.001,1000.0,16.06130742563528,2.8294028893637577,0.0377893117948174,39.59868137982723,5.700345307495318,12.238888935079352,5.977815199364653,0.7,8,1271.932563466516,1467.317666154621,94.15729159290565,3.7257299838028235,13.315801151644823,0.6373534697811242,5.098827758248993,86.37372732995199,Permeability model: J = A × TMP,User-provided baseline rejection,Screening-level approximation; requires experimental validation.,simple,99.11293851884805,100.0,33.42099424177588,100,100,synthetic_physics
Custom Polymer,RO,27.340875757859482,72.9877011210221,21.806351086738854,65813.503804243,0.624945513050531,-0.8813376685500651,0.7697539544642392,10000,63.394218776268175,0.06148416393896349,Custom contaminant,95.77280037236352,83.86299833648528,1726.1134803447155,7.027991667083033,39.056644327082665,0.001,1000.0,6.8232140468252815,44.648185037358104,0.7224910022539582,74.63961018891791,21.833348239917804,39.056644327082665,9.91119506975809,0.7,8,130.0886856727179,498.0107075344433,63.394218776268175,35.058381776148806,73.87833560511935,0.2707624623922164,2.1660996991377313,68.35576481230933,Permeability model: J = A × TMP,User-provided baseline rejection,Screening-level approximation; requires experimental validation.,simple,66.73075660659808,100.0,0.0,100,100,synthetic_physics
Custom Polymer,MF,74.5216084982072,79.80562281706791,80.64494113980282,64615.166053759436,0.29520267076674145,0.9302965432566301,0.20442213789020958,10000,74.9288113800861,0.08061563135878201,Custom contaminant,170.21105138767845,72.25288223332409,357.7147761226953,8.158586673080265,35.45846488871911,0.001,1000.0,7.118049216631511,35.76161962136081,0.16520626806637131,68.44617510896589,22.87274491600078,35.45846488871911,1.6116675656477915,0.7,8,89.86664888322461,568.0603509758201,74.9288113800861,42.67393374534344,84.18008777960814,0.2824622707272203,2.2596981658177624,72.60535156108435,Permeability model: J = A × TMP,User-provided baseline rejection,Screening-level approximation; requires experimental validation.,simple,78.87243303166959,100.0,0.0,100,100,synthetic_physics
Custom Polymer,MF,257.85723731269763,53.618433851405484,70.94248214146813,49129.679683975504,0.5202284744124018,-0.5381979611772456,0.3785065964886303,10000,93.17549346856796,0.020935864189015913,Custom contaminant,601.5995083243035,18.428706223489023,2554.9648339777787,7.4742637231212985,22.091463480108132,0.001,1000.0,5.146528538305995,22.405390260292087,0.9580362026625249,43.19069673077154,11.533003994946714,22.091463480108132,7.48811075365306,0.7,8,216.7537541979446,275.9487999955306,93.17549346856796,41.05619773865513,21.451459763022974,0.2042273231120325,1.63381858489626,79.32781338315661,Permeability model: J = A × TMP,User-provided baseline rejection,Screening-level approximation; requires experimental validation.,simple,98.07946680901891,100.0,0.0,100,100,synthetic_physics
Custom Polymer,NF,195.73306470763427,43.31497103819861,34.357825425590285,15516.515655274443,0.5996664499418555,0.7460618277672475,0.9055926492427656,10000,93.9520666080852,0.07050865135350896,Custom contaminant,291.2255302811643,63.79237496008234,2868.644244527492,8.36230388901163,24.845456847704696,0.001,1000.0,13.838409775366275,38.854357710265454,0.92007656871479,62.24118154791156,10.679978057443781,24.845456847704696,2.808704532808293,0.7,8,282.28452617754346,599.4103186347147,93.9520666080852,17.61312609165547,52.90629517014207,0.5491432454935319,4.393145963948255,79.61391927666297,Permeability model: J = A × TMP,User-provided baseline rejection,Screening-level approximation; requires experimental validation.,simple,98.89691221903706,100.0,0.0,100,100,synthetic_physics
Custom Polymer,RO,170.80719285668118,94.33369467609359,51.28861850154626,47469.60542841883,0.34373735270840405,0.2788139805832006,0.5200512786209478,10000,56.439541252623,0.1310351325704217,Custom contaminant,365.42270382236046,43.25784299581542,696.4344643243794,7.320389245707335,31.06165187285749,0.001,1000.0,17.647073348393604,3.5287755836408703,0.9735985906023845,57.786330651526754,7.181019083670659,31.06165187285749,2.1243000746382643,0.7,8,649.6557488974594,1664.7136291739907,56.439541252623,159.17980615208896,60.97492460491176,0.7002806889885422,5.602245511908338,65.79351519833479,Permeability model: J = A × TMP,User-provided baseline rejection,Screening-level approximation; requires experimental validation.,simple,59.41004342381368,100.0,0.0,100,100,synthetic_physics
Custom Polymer,UF,155.083080140753,87.69684941497779,29.847627146399088,46550.702888444954,0.5940166379695628,0.7439797274477711,0.6585711623461041,10000,87.5801489070677,0.030132385462913563,Custom contaminant,878.6337494142274,27.571918361811065,472.2966757638955,9.857465742044017,16.04919776362483,0.001,1000.0,2.9057090075439342,31.675024104987543,0.32567451800113434,15.001190388537,14.626346254573086,16.04919776362483,7.613953749500132,0.7,8,163.99512405123707,254.82152527832497,87.5801489070677,109.12500332949506,35.643143226571674,0.1153059130900199,0.9224473047201592,77.26637064997232,Permeability model: J = A × TMP,User-provided baseline rejection,Screening-level approximation; requires experimental validation.,simple,92.18963042849231,100.0,0.0,100,100,synthetic_physics
Custom Polymer,UF,86.20117449601346,56.12983972605428,81.5541586974646,16528.157636706434,0.24537757623947246,-0.9951772051366448,0.5246341563952881,10000,59.71461667341135,0.11001517348040037,Custom contaminant,962.5917170614297,20.875548899907027,1982.3813341142445,5.271006768751068,10.54020576939112,0.001,1000.0,15.21937304544878,22.266229155893747,0.9473189928995065,45.07144116075542,4.200847420928573,10.54020576939112,4.552766973793051,0.7,8,538.1190265012394,854.2609697720707,59.71461667341135,387.7837630881886,37.00765392046209,0.6039433753025508,4.831547002420407,67.00012193230944,Permeability model: J = A × TMP,User-provided baseline rejection,Screening-level approximation; requires experimental validation.,simple,62.85749123516984,100.0,0.0,100,100,synthetic_physics
Custom Polymer,RO,109.41697945494808,87.92489799597088,69.39941490786495,34453.26106314301,0.4694742259649983,0.3389603764260569,0.7828577166454253,10000,53.99934577254003,0.008265232089310784,Custom contaminant,123.30817019819092,39.4996310172563,1453.4491692380668,4.81876978128309,22.33459413698816,0.001,1000.0,8.944131169964244,6.345408220196848,0.9174933605937767,49.93594456907807,9.63058496572263,22.33459413698816,5.118381116374846,0.7,8,726.2407564716844,786.4118207816898,53.99934577254003,56.72256500707765,7.65134281046228,0.3549258403618869,2.839406722895095,77.24315300047353,Permeability model: J = A × TMP,User-provided baseline rejection,Screening-level approximation; requires experimental validation.,simple,56.841416602673725,100.0,61.7432859476886,100,100,synthetic_physics
Custom Polymer,RO,428.62220550585056,57.92648911528187,49.9946856249608,91133.09760801196,0.6865857887638475,0.6256037828516987,0.22560920423184416,10000,57.640843262271005,0.10506399535834841,Custom contaminant,473.9558337779819,68.37127129568435,2305.8189731222374,5.771881044068506,18.539512993684262,0.001,1000.0,9.918465011912037,14.403916362798372,0.6706223232560375,61.00478344105376,11.592915232251242,18.539512993684262,7.265617679426568,0.7,8,169.96201282370478,574.5418555528266,57.640843262271005,200.7636944976257,70.4178187923025,0.3935898817399528,3.1487190539196224,66.23610014925774,Permeability model: J = A × TMP,User-provided baseline rejection,Screening-level approximation; requires experimental validation.,simple,60.67457185502211,100.0,0.0,100,100,synthetic_physics
Custom Polymer,UF,260.1144088446803,71.57430047473392,23.27185653177681,74014.88307033767,0.6005868164199124,-0.46678858590164474,0.555970991040175,10000,92.68005222693264,0.041180783811003645,Custom contaminant,738.6199861745296,95.39667171468871,2612.1015672969384,6.409120496081657,28.216231989644154,0.001,1000.0,19.837048658203535,28.853433157410205,0.12387732640606292,8.407306608407069,19.072390978984668,28.216231989644154,4.293920421478276,0.7,8,647.3398335083652,1419.8228811941772,92.68005222693264,54.06659722941291,54.40700089549873,0.7871844711933801,6.297475769547041,79.14528239939622,Permeability model: J = A × TMP,User-provided baseline rejection,Screening-level approximation; requires experimental validation.,simple,97.55794971256067,100.0,0.0,100,100,synthetic_physics
Custom Polymer,UF,180.35929502386404,75.97991378809878,47.05948622774908,86915.69950632472,0.6144479121443895,0.9480283008908501,0.8885037667898433,10000,62.701905868121855,0.10056358875637023,Custom contaminant,30.33760418286244,99.11067244295982,856.91771552753,7.988770561741504,35.474608635986954,0.001,1000.0,3.377200322013835,42.546087797713476,0.0221232091329142,38.14828535640555,11.592884129481753,35.474608635986954,3.8034980612614855,0.7,8,79.97339686302108,256.59938931175066,62.701905868121855,11.315348165480634,68.83336430475332,0.13401588590141253,1.0721270872113002,68.10070216193962,Permeability model: J = A × TMP,User-provided baseline rejection,Screening-level approximation; requires experimental validation.,simple,66.00200617697037,100.0,0.0,100,100,synthetic_physics
Custom Polymer,MF,297.32852568724485,91.56939252156057,33.37192231572862,58136.358773059204,0.714223768020326,0.5459907902027563,0.040733264805495994,10000,97.04525912997036,0.011763801117498845,Custom contaminant,592.8708896305862,57.53536203151648,2380.5316690367167,4.8906583110938655,15.381111761881114,0.001,1000.0,15.091717268219538,8.325732868169629,0.4747506757949832,59.87360676581989,15.804185326393007,15.381111761881114,2.1849814425196423,0.7,8,1147.4826799586292,1381.9393823580087,97.04525912997036,17.517798482423235,16.965773274318675,0.5988776698528934,4.791021358823147,83.03422672568132,Permeability model: J = A × TMP,User-provided baseline rejection,Screening-level approximation; requires experimental validation.,simple,100.0,100.0,15.17113362840663,100,100,synthetic_physics
Custom Polymer,UF,484.7977025881101,45.41839139533351,5.401290167201673,22348.6974969001,0.3397045627632864,0.9989788085891718,0.3026915474769186,10000,51.317152854248995,0.07937362874552371,Custom contaminant,92.7693311242373,27.406759869572184,2977.9112106724233,8.227831113580926,11.51999887848611,0.001,1000.0,9.08399702811756,9.410238118813616,0.13171520983810006,49.02990600116015,12.382913406545068,11.51999887848611,7.454379184723531,0.7,8,154.4012364106683,412.58053245708976,51.317152854248995,45.162751669348054,62.57670339142172,0.3604760728327285,2.883808582661828,63.90631947261805,Permeability model: J = A × TMP,User-provided baseline rejection,Screening-level approximation; requires experimental validation.,simple,54.01805563605158,100.0,0.0,100,100,synthetic_physics
Custom Polymer,UF,447.23005183361124,25.42150388573453,92.3762066788843,52040.1813691325,0.28118444272958204,0.6915716762052186,0.0355299180290225,10000,77.91951793590073,0.10963512257934516,Custom contaminant,287.1779102845818,86.34919175632179,796.8252337381562,9.039245696390434,12.356348914973717,0.001,1000.0,3.36656631899494,19.6682446111935,0.8555149576701975,15.843902384508683,21.072798635164677,12.356348914973717,2.3743421134666582,0.7,8,8.492385110112101,85.58317875991285,77.91951793590073,63.41026697244218,90.07703939820247,0.13359390165429338,1.068751213234347,55.78417841024982,Permeability model: J = A × TMP,User-provided baseline rejection,Screening-level approximation; requires experimental validation.,simple,82.02054519568497,28.307950367040334,0.0,100,100,synthetic_physics
Custom Polymer,MF,182.8398580875655,12.69449643483783,94.48666421239487,44098.739929845244,0.5832318829493361,0.15053535332806223,0.5017159168522074,10000,80.76722341548677,0.13525963439935218,Custom contaminant,702.3192519371685,53.24800794552211,1971.0392859313313,7.638365683054129,22.993636224589395,0.001,1000.0,12.570327400582917,22.734920208044016,0.7600382340931932,77.66843626417142,23.056835901184886,22.993636224589395,8.225284285607307,0.7,8,7.0557890520336475,159.57397637144413,80.76722341548677,135.07549263510023,95.57835856918817,0.4988225162952055,3.990580130361644,55.636169678891584,Permeability model: J = A × TMP,User-provided baseline rejection,Screening-level approximation; requires experimental validation.,simple,85.0181299110387,23.51929684011216,0.0,100,100,synthetic_physics
Custom Polymer,UF,304.8618595591477,75.18386681900331,18.626781230497883,48162.33650273529,0.28011333549395506,-0.9930100377813058,0.966737574672076,10000,93.10604323640689,0.07948629967813939,Custom contaminant,261.61076523781674,69.29752101992366,1360.9231451947896,8.820097200536196,39.98554330542848,0.001,1000.0,7.111835628299428,12.97574913042434,0.27470866390681065,12.000968426050397,9.760085617753651,39.98554330542848,0.27250802189740214,0.7,8,246.14085828674416,534.6953027167069,93.10604323640689,18.035333044400165,53.966145384831464,0.28221569976146416,2.2577255980917132,79.30222645551832,Permeability model: J = A × TMP,User-provided baseline rejection,Screening-level approximation; requires experimental validation.,simple,98.00636130148094,100.0,0.0,100,100,synthetic_physics
Custom Polymer,RO,143.13091616360845,16.82641481503859,73.4837508505718,11007.67669135608,0.7061958735171673,-0.5577709925780943,0.10859061697156769,10000,50.5043215571198,0.10870472562671123,Custom contaminant,264.05057847915657,50.94986051377748,423.68653534925164,9.911775539417496,13.761542172098657,0.001,1000.0,8.356133347509187,42.73082561438883,0.2524380789956027,25.022883900963002,19.499738623432222,13.761542172098657,2.8060626062009257,0.7,8,16.881730928210196,140.6037659549666,50.5043215571198,130.69362525060836,87.99340059382395,0.3315925934204006,2.6527407473632048,52.67496441735965,Permeability model: J = A × TMP,User-provided baseline rejection,Screening-level approximation; requires experimental validation.,simple,53.16244374433663,56.272436427367325,0.0,100,100,synthetic_physics
Custom Polymer,MF,11.40694243645836,43.36345832850503,2.240985758169024,91024.332241022,0.5492692569254547,0.1660285324424844,0.2015895108623631,10000,84.92731465288895,0.10320192333336013,Custom contaminant,69.85893818611129,88.08465308105725,1780.298752496436,8.754801286231661,17.887422163865327,0.001,1000.0,2.6165464351183925,35.42002908615245,0.7959438593926105,33.95251502144686,1.0567684699333142,17.887422163865327,8.200714844073259,0.7,8,101.73911772959741,113.4625023038548,84.92731465288895,10.52961793962536,10.33238676762297,0.10383120782585832,0.8306496626068666,85.9566238939677,Permeability model: J = A × TMP,User-provided baseline rejection,Screening-level approximation; requires experimental validation.,simple,89.39717331883048,100.0,48.33806616188515,100,100,synthetic_physics
Custom Polymer,NF,176.12565152976921,63.1948697699359,10.89551720191897,7663.578730777083,0.11799264010269199,0.8332797204789109,0.31138274426865564,10000,82.96687487434488,0.1484391111075726,Custom contaminant,672.756285626324,52.509479585618,1610.6678071999918,6.26150289073331,27.99338967865256,0.001,1000.0,19.184069513004946,39.6141576512172,0.42998435086290515,29.933362177439992,21.262990946143354,27.99338967865256,1.4442796737032788,0.7,8,51.62695240581643,1212.334774531745,82.96687487434488,114.59141992144147,95.74152672262025,0.7612726003314366,6.090180802651493,75.56674337475863,Permeability model: J = A × TMP,User-provided baseline rejection,Screening-level approximation; requires experimental validation.,simple,87.3335524993104,100.0,0.0,100,100,synthetic_physics
Custom Polymer,MF,426.2967759125079,26.252599372890906,71.84729434181585,80718.94778709559,0.43389756208443087,-0.6154320477154513,0.8447677434623754,10000,68.33866641816041,0.05149863776996529,Custom contaminant,514.9160205299052,43.50862411039177,2080.8514294123,4.8231868502359925,23.070689621436188,0.001,1000.0,17.85569586225904,2.767072762546547,0.4627649498217931,54.539897478890765,21.361210545486657,23.070689621436188,5.9784836466384395,0.7,8,156.0246982611173,468.75842999607244,68.33866641816041,163.0292789263069,66.71532962886137,0.7085593601803015,5.668474881442412,70.177403417217,Permeability model: J = A × TMP,User-provided baseline rejection,Screening-level approximation; requires experimental validation.,simple,71.9354383349057,100.0,0.0,100,100,synthetic_physics
Custom Polymer,MF,119.11859929005035,35.9281341865581,94.27109511887622,88654.52375272228,0.49056708788209324,-0.04902332441030954,0.4510673914544585,10000,52.933604112194104,0.1343946800737022,Custom contaminant,819.9680133311822,45.62511447278671,910.3759208864728,6.057523638559183,13.694817576186685,0.001,1000.0,14.491436877853307,28.276822971188025,0.241762388596646,51.725417905826724,23.511910034991907,13.694817576186685,1.3117118412141742,0.7,8,22.091721783242726,520.6502887035501,52.933604112194104,385.9293913078313,95.75689819778023,0.5750570194224784,4.6004561553798275,57.91162229930009,Permeability model: J = A × TMP,User-provided baseline rejection,Screening-level approximation; requires experimental validation.,simple,55.71958327599379,73.63907261080908,0.0,100,100,synthetic_physics
Custom Polymer,RO,234.6576552064106,49.921723271290546,17.512924168556438,53392.23099423282,0.5241840809836631,-0.6853109223630094,0.1547238990088764,10000,92.73180091012443,0.0501511783171565,Custom contaminant,634.0300532078446,62.67730756752141,2533.5955391896414,8.439367787389141,35.217293003148335,0.001,1000.0,12.57925283508318,23.023400865185707,0.3996308560999439,33.42723249960768,10.332237800865208,35.217293003148335,1.3801615963223262,0.7,8,374.02820170071794,627.9779789926196,92.73180091012443,46.08256655679016,40.43928064154081,0.49917670020422944,3.9934136016338355,79.16434770373004,Permeability model: J = A × TMP,User-provided baseline rejection,Screening-level approximation; requires experimental validation.,simple,97.6124220106573,100.0,0.0,100,100,synthetic_physics
Custom Polymer,UF,200.82800452928436,4.422594668504916,28.23794477730766,75314.74398665158,0.5045618999867377,0.6123349935120603,0.5426880443807649,10000,92.61877989721586,0.12042972944224892,Custom contaminant,107.30172444082464,97.70063680159925,142.76759601385348,7.581028227577711,33.77534527950287,0.001,1000.0,6.771503969047888,30.329919822560736,0.3685013055389738,9.546123125562643,0.6988456985992763,33.77534527950287,1.0391340981007644,0.7,8,27.530320716002848,29.947617351271067,92.61877989721586,7.920176455060187,8.071749438075482,0.26871047517718616,2.1496838014174893,88.99289287511168,Permeability model: J = A × TMP,User-provided baseline rejection,Screening-level approximation; requires experimental validation.,simple,97.49345252338512,91.7677357200095,59.64125280962259,100,100,synthetic_physics
Custom Polymer,UF,58.22070111882293,61.478087961981245,53.06065786528881,45818.598367227634,0.5843450329216924,-0.9663477259751032,0.2709834814157309,10000,88.79189729125264,0.13694668044498218,Custom contaminant,443.9532302752058,8.148398013846636,2416.313343762615,9.311022599636402,22.409808120811583,0.001,1000.0,5.018434027621486,3.1546117429243195,0.5951719936759073,73.24021179218744,16.430368599727654,22.409808120811583,3.2407611191578702,0.7,8,32.515416091646,308.5237285815135,88.79189729125264,49.75873402804674,89.46096747853373,0.19914420760461243,1.5931536608368995,77.71280426519834,Permeability model: J = A × TMP,User-provided baseline rejection,Screening-level approximation; requires experimental validation.,simple,93.46515504342383,100.0,0.0,100,100,synthetic_physics
Custom Polymer,RO,417.7135196495325,48.10717587559633,82.15510050978602,39495.012828302235,0.3439539750170395,0.1659772517571081,0.46468641769448127,10000,98.75788483100806,0.07987646641158534,Custom contaminant,391.32030862686133,39.493354312853626,1689.0258567780381,6.129472228049172,31.687198058948077,0.001,1000.0,7.7371259684924905,19.823074939736912,0.6208035168830366,9.563515452200747,15.900840575705933,31.687198058948077,5.099224949871003,0.7,8,104.51793580452154,372.21127973791187,98.75788483100806,4.860648912800327,71.91972906406367,0.30702880851913456,2.4562304681530764,80.0,Permeability model: J = A × TMP,User-provided baseline rejection,Screening-level approximation; requires experimental validation.,simple,100.0,100.0,0.0,100,100,synthetic_physics
Custom Polymer,NF,231.9827960004544,72.20604608008718,76.06732241848124,84702.9559095397,0.36236218457221314,-0.34592461549323783,0.7143421014945195,10000,79.03206247110825,0.09661122422101341,Custom contaminant,559.9676780347769,77.26930232038545,651.1185766272442,7.3342727964483805,14.743053668308894,0.001,1000.0,8.26358839796164,33.53569734738767,0.4981408922310287,33.469365250413595,21.296795033266744,14.743053668308894,7.750974573525036,0.7,8,76.23900946291886,596.6810446500918,79.03206247110825,117.41367291231774,87.22282027450238,0.32792017478462343,2.6233613982769874,74.1170756472504,Permeability model: J = A × TMP,User-provided baseline rejection,Screening-level approximation; requires experimental validation.,simple,83.19164470642974,100.0,0.0,100,100,synthetic_physics
Custom Polymer,RO,475.5260462809891,43.012163654064395,79.01921983122249,17209.655860241084,0.3000547339774179,-0.32382883733209034,0.10582075270452329,10000,75.04006027229579,0.03287771944834187,Custom contaminant,637.844030555162,19.00923595730183,458.16814628389847,9.814520365593548,29.74720917433319,0.001,1000.0,18.741728111228074,25.004501807668365,0.043068438432740504,48.077837782358294,13.62072884063915,29.74720917433319,0.24825849877228034,0.7,8,515.1287850888015,806.1222766801211,75.04006027229579,159.20548558332763,36.09793452052056,0.743719370088153,5.949754960705224,72.64633799505634,Permeability model: J = A × TMP,User-provided baseline rejection,Screening-level approximation; requires experimental validation.,simple,78.98953712873241,100.0,0.0,100,100,synthetic_physics
Custom Polymer,NF,432.00860175689746,62.37709738102605,74.72442576823846,49645.15006267271,0.5328817065357841,-0.4850602135429516,0.9737577677686472,10000,69.99592837662848,0.02853736009395622,Custom contaminant,65.35626419088105,63.61719330853711,2951.8015684117217,9.37476698107769,31.063137024592407,0.001,1000.0,19.813838994058646,36.41858484006322,0.345858612167382,50.09135997951299,2.3745160984106963,31.063137024592407,2.2946566532031545,0.7,8,1154.9546874651621,1235.9297644243672,69.99592837662848,19.60954031819186,6.551753933761695,0.7862634527741952,6.2901076221935615,84.23621967868038,Permeability model: J = A × TMP,User-provided baseline rejection,Screening-level approximation; requires experimental validation.,simple,73.67992460697735,100.0,67.24123033119153,100,100,synthetic_physics
Custom Polymer,MF,108.89106184589218,95.39660046798889,99.56415514772029,37408.12405210571,0.5964602902540391,-0.1844585386735189,0.1395092043862064,10000,66.81264970033521,0.03883889631377116,Custom contaminant,334.79743820334556,21.502168839771652,425.80084526891454,5.304570576174477,37.17271095489528,0.001,1000.0,1.8873891803752687,16.91307554400649,0.533165395557609,31.588449213376762,12.66376673294385,37.17271095489528,0.5298585963201042,0.7,8,110.10018326535445,180.05051156786453,66.81264970033521,111.11039861084804,38.850391311520625,0.07489639610655477,0.5991711688524382,69.61518673170244,Permeability model: J = A × TMP,User-provided baseline rejection,Screening-level approximation; requires experimental validation.,simple,70.32910494772128,100.0,0.0,100,100,synthetic_physics
Custom Polymer,UF,327.7991203485451,56.78440135404996,68.41566031961446,56942.15267481008,0.40653250769796423,-0.2997169154118351,0.2264351900997762,10000,74.95337956764998,0.008777605594738511,Custom contaminant,334.9584198183325,67.78722935645294,415.2794150904419,4.377347453917172,29.56535815874096,0.001,1000.0,8.075939478618535,40.28942679091967,0.9379381909316107,76.77803402994327,10.501432066513212,29.56535815874096,2.71683952032282,0.7,8,418.2057103721771,458.5873886648919,74.95337956764998,83.89576401809524,8.805666987546246,0.3204737890904479,2.563790312723583,83.80873601106164,Permeability model: J = A × TMP,User-provided baseline rejection,Screening-level approximation; requires experimental validation.,simple,78.89829428173681,100.0,55.97166506226877,100,100,synthetic_physics
Custom Polymer,RO,317.8145337048358,62.61214867151377,32.85608275816924,6843.297773521651,0.24700338717791928,-0.6911611439555325,0.12390034578331022,10000,96.22153772147149,0.007007908666225349,Custom contaminant,605.8391618439584,94.74737957401368,1144.1540697329708,7.162588535034775,30.87350990425479,0.001,1000.0,6.47995995423313,24.404947397655206,0.8189318218294245,60.90167489601976,19.498561170081757,30.87350990425479,9.874667619913794,0.7,8,353.90535624658094,405.7242160399003,96.22153772147149,22.891404198827228,12.771941566392309,0.2571412682308372,2.0571301458466977,87.22805843360769,Permeability model: J = A × TMP,User-provided baseline rejection,Screening-level approximation; requires experimental validation.,simple,100.0,100.0,36.14029216803846,100,100,synthetic_physics
Custom Polymer,NF,191.4604627187277,74.96203503064153,60.67567214309631,66827.17433850904,0.6179117333830542,0.49946263389262957,0.8857451492948196,10000,67.43115159427917,0.09975479663622704,Custom contaminant,287.48752728088726,59.45687051169751,2278.407906498591,8.746006516969842,22.603735089673684,0.001,1000.0,10.272660419386924,17.35864270733847,0.17734598307423421,24.538805389439915,21.935219615145872,22.603735089673684,3.1587984698522282,0.7,8,86.34271645634998,770.0595302159672,67.43115159427917,93.63137694546748,88.78752705883211,0.40764525506369254,3.2611620405095403,69.84305585052391,Permeability model: J = A × TMP,User-provided baseline rejection,Screening-level approximation; requires experimental validation.,simple,70.98015957292544,100.0,0.0,100,100,synthetic_physics
Custom Polymer,MF,128.32426175553704,72.58403766062344,57.81642606361173,69838.56992771746,0.5507705626264268,0.4134971671951784,0.905547048435459,10000,78.11712785351783,0.014838073521079305,Custom contaminant,278.11718010243055,70.82189804087639,1532.8164211294527,7.291311895718121,27.897413661408745,0.001,1000.0,7.776059605094486,38.920880729304905,0.726299535057583,58.57245591448354,17.3097890898212,27.897413661408745,8.914544216377054,0.7,8,436.57092159688176,564.4178032274308,78.11712785351783,60.860026939216425,22.651107193908526,0.30857379409981484,2.4685903527985187,73.77999447234868,Permeability model: J = A × TMP,User-provided baseline rejection,Screening-level approximation; requires experimental validation.,simple,82.22855563528194,100.0,0.0,100,100,synthetic_physics
Custom Polymer,RO,301.74246192720443,96.74014775019887,12.800075754673152,63379.918171089506,0.6018485821550569,-0.04555917809128096,0.28820838645693647,10000,77.44686889028384,0.05788841364215189,Custom contaminant,910.0328303571383,35.679241253325486,609.5502788361744,7.458334840992717,21.879777741411083,0.001,1000.0,2.0987832670566524,28.677275198897508,0.5424679470540444,17.98978149748963,14.544496970556308,21.879777741411083,5.716853841189141,0.7,8,87.48159409282532,203.03660335070566,77.44686889028384,205.24089737190627,56.9133877098416,0.08328505034665394,0.6662804027732315,73.53305695957826,Permeability model: J = A × TMP,User-provided baseline rejection,Screening-level approximation; requires experimental validation.,simple,81.52301988450931,100.0,0.0,100,100,synthetic_physics
Custom Polymer,NF,187.16926562289083,25.62719284270029,95.17076881010678,56341.14351688742,0.11899797121892622,0.6414233682234864,0.19675806091894077,10000,89.2232122505276,0.10724855193761489,Custom contaminant,969.1255870205257,96.55793015945262,895.7908115017038,8.59869748734051,19.505652573397718,0.001,1000.0,12.658119188825967,30.289558162775062,0.06399808046495302,5.388631237651818,1.8574543429780235,19.505652573397718,1.366626270564237,0.7,8,265.7998446900029,324.392061477928,89.2232122505276,104.44060753903055,18.06216111484954,0.5023063174187485,4.018450539349988,79.80954866166063,Permeability model: J = A × TMP,User-provided baseline rejection,Screening-level approximation; requires experimental validation.,simple,93.91917079002906,100.0,9.68919442575229,100,100,synthetic_physics
Custom Polymer,RO,136.2497207604091,90.78856710101368,52.34463485932195,79790.72801465847,0.6868182264750458,0.4698861971810824,0.39138512442057194,10000,93.10658375266505,0.11259721423153349,Custom contaminant,745.7199289710019,90.15743271655693,1836.1240701272827,7.171446579773059,36.70487672791226,0.001,1000.0,9.198342217651097,40.7669641054133,0.06330789684035965,5.09674583422416,12.914873505702385,36.70487672791226,0.8287577487821642,0.7,8,195.07378271280572,835.1043096453037,93.10658375266505,51.40557874330169,76.64078840694046,0.3650135803575306,2.920108642860245,79.30242559308712,Permeability model: J = A × TMP,User-provided baseline rejection,Screening-level approximation; requires experimental validation.,simple,98.0069302659632,100.0,0.0,100,100,synthetic_physics
Custom Polymer,RO,12.695575279501398,72.09681401336599,25.09508488283585,96771.4245245696,0.3670791554395273,-0.9454331474722697,0.02693576540878273,10000,77.61333124906196,0.14807323695953575,Custom contaminant,979.9757996952623,33.72729722892658,1499.8405826478013,4.602734834786896,25.665305679751953,0.001,1000.0,12.074091661155808,13.30202161495473,0.615993291556022,72.47695637721904,0.5224503354517924,25.665305679751953,2.3664443656486505,0.7,8,805.6995566468247,870.5035408746835,77.61333124906196,219.38393611713448,7.44442511546175,0.47913062185774136,3.833044974861931,86.14996008156108,Permeability model: J = A × TMP,User-provided baseline rejection,Screening-level approximation; requires experimental validation.,simple,81.69824342006522,100.0,62.77787442269125,100,100,synthetic_physics
Custom Polymer,RO,112.86058602872968,13.264734100348875,17.444020060973084,62778.29826385607,0.17188607310544984,0.47706321804144336,0.8870225905583834,10000,96.23672743650062,0.10072549307635661,Custom contaminant,205.42244652727985,8.529657553990788,772.8723660402989,9.771743114710254,38.870356052521366,0.001,1000.0,7.761993901583173,16.963785513779982,0.5149104764364747,26.876606860055052,23.522067613905737,38.870356052521366,2.2900917612433167,0.7,8,9.631859781265844,102.96078519303032,96.23672743650062,7.730606569430321,90.64511817464475,0.3080156312616178,2.4641250500929424,63.02654981772154,Permeability model: J = A × TMP,User-provided baseline rejection,Screening-level approximation; requires experimental validation.,simple,100.0,32.106199270886144,0.0,100,100,synthetic_physics
Custom Polymer,NF,220.39172909308735,13.381338285035053,38.89965785024285,85744.70665014636,0.19825270101973091,0.16804390165237448,0.4066371380600168,10000,58.509782633261,0.006788743845134844,Custom contaminant,280.6098704550012,6.182896069800192,1192.628566760532,8.861259134196075,31.59055782632837,0.001,1000.0,18.958197491694985,21.92375544951639,0.7107233846059342,54.900629157651515,5.6005881242191,31.59055782632837,3.1054668018033196,0.7,8,244.2217285325498,253.68605391087362,58.509782633261,116.42564520430473,3.730723558674176,0.752309424875458,6.018475399003664,82.82551214831672,Permeability model: J = A × TMP,User-provided baseline rejection,Screening-level approximation; requires experimental validation.,simple,61.58924487711685,100.0,81.34638220662912,100,100,synthetic_physics
Custom Polymer,UF,269.61647136490257,79.86907458158626,46.71946071183032,23160.282849464966,0.7954259831962589,-0.7688423872926631,0.9558889074913278,10000,90.37140979268139,0.1266395602996385,Custom contaminant,796.9684072605844,20.8170941304622,1934.4888944462014,8.540498874705591,32.37057376304954,0.001,1000.0,5.576994336772737,9.87485000042039,0.33484175407540373,40.98833602830439,13.983847555996398,32.37057376304954,8.385808586959689,0.7,8,75.80243396287447,445.4293766247859,90.37140979268139,76.73682201691572,82.98216553715814,0.22130929925533066,1.7704743940426453,78.29472992361946,Permeability model: J = A × TMP,User-provided baseline rejection,Screening-level approximation; requires experimental validation.,simple,95.12779978176988,100.0,0.0,100,100,synthetic_physics
Custom Polymer,UF,341.3137575765929,27.085440001333296,48.40916939455939,33875.86947573213,0.26444972568537395,-0.9795092792330411,0.3394619705706906,10000,62.78020175895961,0.08792583741018842,Custom contaminant,71.67875258087508,27.05195967102011,229.8315209664045,7.848507427080616,27.045686757058746,0.001,1000.0,6.88210445687457,8.219395421341646,0.9583406344410478,48.82943355414601,16.459164114443595,27.045686757058746,5.3603526573675735,0.7,8,43.84825888533531,186.40482734958465,62.78020175895961,26.67868709229624,76.47686516020208,0.27309938342778783,2.1847950674223027,68.12954801645881,Permeability model: J = A × TMP,User-provided baseline rejection,Screening-level approximation; requires experimental validation.,simple,66.08442290416802,100.0,0.0,100,100,synthetic_physics
Custom Polymer,RO,405.20129134664046,89.74162490526402,38.88834381616535,69157.51856694576,0.2609212391824779,0.3037100943240769,0.39915562997655263,10000,50.33840181012512,0.14355154092128,Custom contaminant,869.7571300833317,29.08365503460284,2993.4962112752955,5.902766047339204,23.765325593772243,0.001,1000.0,17.054928718253457,15.925221215074002,0.45603488154362504,54.91903753424416,3.565987537152063,23.765325593772243,4.2812686500480055,0.7,8,917.3333583636643,1530.537015819517,50.33840181012512,431.9352911697716,40.06460811583289,0.6767828861864048,5.4142630894912385,63.54572698267768,Permeability model: J = A × TMP,User-provided baseline rejection,Screening-level approximation; requires experimental validation.,simple,52.98779137907908,100.0,0.0,100,100,synthetic_physics
Custom Polymer,MF,341.61940987376084,14.460969615976808,24.040416430992803,71281.93227337203,0.20935705880688038,-0.15596147552022055,0.7128807220926188,10000,88.19687238305727,0.018757770907391925,Custom contaminant,853.4756533252834,72.39723011299664,1083.9543072106098,8.58281711398144,31.848965960219772,0.001,1000.0,12.097646284866034,28.365577496886374,0.7373564540105896,79.94449262790909,14.095977858923305,31.848965960219772,8.106306930446255,0.7,8,134.2971736024046,174.94369535028244,88.19687238305727,100.73682054151894,23.234059202015256,0.48006532914857747,3.8405226331886197,77.493584562179,Permeability model: J = A × TMP,User-provided baseline rejection,Screening-level approximation; requires experimental validation.,simple,92.83881303479713,100.0,0.0,100,100,synthetic_physics
Custom Polymer,UF,374.6941214846356,85.72503180134875,95.4979612770297,19711.77914235111,0.21582174547658142,0.1727036568298017,0.44929506288650445,10000,78.47906237666655,0.12071619650039873,Custom contaminant,932.397335248754,41.74158251985581,2182.004672076511,5.180795127048456,26.036558480635705,0.001,1000.0,0.6317346000542945,25.683777789521752,0.5498830945342449,60.158400183374845,15.762892569864304,26.036558480635705,3.6481276696274354,0.7,8,8.077016205090342,54.155468679666726,78.47906237666655,200.66064892050758,85.085502162549,0.025068833355542948,0.20055066684434358,55.64418560792611,Permeability model: J = A × TMP,User-provided baseline rejection,Screening-level approximation; requires experimental validation.,simple,82.60953934385952,26.923387350301137,0.0,100,100,synthetic_physics
Custom Polymer,MF,66.58807807524498,97.33300469822778,92.31098267321528,32846.769726573955,0.2811970579467214,-0.12716741261992515,0.6899400296120728,10000,67.80570086563289,0.014757607921017553,Custom contaminant,408.7671415199524,26.05889944814319,1042.2970325125143,4.977743474723827,29.765202083369424,0.001,1000.0,10.627292478255454,14.27229274747236,0.558323856493179,41.953088537542854,19.205409129301657,29.765202083369424,9.564244266467997,0.7,8,779.0986647585489,1034.386308715479,67.80570086563289,131.59971630393522,24.680106629983445,0.4217179558237019,3.3737436465896153,69.98104768733843,Permeability model: J = A × TMP,User-provided baseline rejection,Screening-level approximation; requires experimental validation.,simple,71.37442196382409,100.0,0.0,100,100,synthetic_physics
Custom Polymer,MF,74.02854939954142,88.5074344118903,70.77489689020531,69409.07775714152,0.3620106279997306,-0.31218360907015796,0.005639484822516971,10000,99.01202324440166,0.09294334569409207,Custom contaminant,408.30533768468615,54.37688218921786,217.52839887916113,5.041905731750013,28.700797748902076,0.001,1000.0,10.382382247735677,39.56666632345402,0.6621552635408837,50.10767569845404,19.658744051174864,28.700797748902076,0.7758047449638162,0.7,8,147.82770850611763,918.9180158306397,99.01202324440166,4.033961828192012,83.91285120550266,0.411999295874666,3.295994366997328,80.0,Permeability model: J = A × TMP,User-provided baseline rejection,Screening-level approximation; requires experimental validation.,simple,100.0,100.0,0.0,100,100,synthetic_physics
Custom Polymer,RO,360.63944951161756,28.24119141832109,20.369314012252048,21778.321307871916,0.23869860440239596,0.04756438180718914,0.13562631136582848,10000,82.89836448482559,0.020236347547571584,Custom contaminant,36.62074390715364,31.92902424458711,656.393198825819,9.931972332460493,19.089889018516523,0.001,1000.0,4.596868903305173,10.641721351461515,0.3801143757554554,50.43866714986834,18.875713963587636,19.089889018516523,3.7093048526563774,0.7,8,88.60439765670446,129.82105462316912,82.89836448482559,6.2627461459468545,31.748823090448642,0.18241543281677253,1.4593234625341802,75.54150270493574,Permeability model: J = A × TMP,User-provided baseline rejection,Screening-level approximation; requires experimental validation.,simple,87.26143629981641,100.0,0.0,100,100,synthetic_physics
Custom Polymer,NF,316.7257802209668,48.723929929659356,84.80303927908645,57119.6568272643,0.3029241703153701,0.40717451435651175,0.8200644880229958,10000,73.22548877252186,0.14814359963793625,Custom contaminant,880.3059103994003,19.695466966549148,2381.592029253088,7.605707466098597,26.04433893423504,0.001,1000.0,10.375984014275453,42.81714599633902,0.614764061014414,45.327948879030025,1.6482078088141532,26.04433893423504,4.538198410609718,0.7,8,396.03110349486786,505.5587180628228,73.22548877252186,235.69760481604118,21.66466735805446,0.4117453977212794,3.293963181770235,71.97781165303437,Permeability model: J = A × TMP,User-provided baseline rejection,Screening-level approximation; requires experimental validation.,simple,77.07946186581248,100.0,0.0,100,100,synthetic_physics
Custom Polymer,UF,358.7509973788633,6.044443827559189,88.51523593295319,82753.38852701688,0.4826789480986696,-0.955189069635437,0.5624296180338006,10000,52.723993591328664,0.051454949147434655,Custom contaminant,632.6205227137115,91.29130838821744,1137.6073480524883,9.16014269730072,37.55083031201549,0.001,1000.0,0.6166688330548233,12.731964049874044,0.7127636762352237,61.76322823096613,9.72179598010077,37.55083031201549,6.601870666451264,0.7,8,2.260264451027171,3.727420121606355,52.723993591328664,299.07771886070435,39.36115658320007,0.024470985458260257,0.19576788366608205,41.308182927047234,Permeability model: J = A × TMP,User-provided baseline rejection,Screening-level approximation; requires experimental validation.,simple,55.49894062245122,7.534214836757237,0.0,100,100,synthetic_physics
Custom Polymer,RO,309.9577225073972,74.23772119850493,72.14718434676706,9044.144400040954,0.21077512665804266,-0.734545705481368,0.932480069842819,10000,95.58577815281417,0.12062477909156065,Custom contaminant,125.55137506919972,57.42714699195859,642.9688156605691,6.2103036253528145,18.01273829912239,0.001,1000.0,16.612833433451826,8.078118576444387,0.649717376923975,78.79209978321252,16.645782706460388,18.01273829912239,0.8844115411689011,0.7,8,165.59648671670442,1233.2988967497981,95.58577815281417,5.542116227746836,86.5728829278034,0.6592394224897656,5.273915379918125,80.0,Permeability model: J = A × TMP,User-provided baseline rejection,Screening-level approximation; requires experimental validation.,simple,100.0,100.0,0.0,100,100,synthetic_physics
Custom Polymer,NF,325.1090420679021,46.174786980915144,66.30955537557074,87964.91088202738,0.43398905954067457,0.06264296562445848,0.4524473992179535,10000,53.622312173550895,0.11912516840446698,Custom contaminant,135.14762620542055,39.45700102883103,1221.7862522624146,5.680244752520427,22.075213776832552,0.001,1000.0,12.436580385572086,16.257978298177875,0.18078681832129367,70.202563288045,23.314567271642684,22.075213776832552,4.639979856375573,0.7,8,35.7204845507375,574.2564500748185,53.622312173550895,62.67834418640627,93.779698156445,0.49351509506037106,3.9481207604829684,64.75558869551875,Permeability model: J = A × TMP,User-provided baseline rejection,Screening-level approximation; requires experimental validation.,simple,56.44453913005357,100.0,0.0,100,100,synthetic_physics
Custom Polymer,RO,170.23965904884705,5.700725700044703,4.64830252039526,39591.7585667175,0.7511694128106761,0.4614170868031289,0.349269418870775,10000,98.30551661658484,0.06716989597208095,Custom contaminant,284.02481653489923,42.63532447243572,713.475358253115,9.313832621204774,20.83519931253071,0.001,1000.0,13.227785496987563,20.063312742531014,0.9027141037843229,53.17855637867226,11.973919421610537,20.83519931253071,1.4082153948952514,0.7,8,33.73804525028426,75.4079767373556,98.30551661658484,4.812753320959254,55.25931511490732,0.5249121233162616,4.199296986530093,80.0,Permeability model: J = A × TMP,User-provided baseline rejection,Screening-level approximation; requires experimental validation.,simple,100.0,100.0,0.0,100,100,synthetic_physics
Custom Polymer,NF,277.94026545316774,29.220244323180335,87.91476228985371,5916.822525743576,0.3198538421307002,0.07365680240429517,0.33981433604329303,10000,73.78903934340501,0.04332585658799266,Custom contaminant,138.7822600235682,3.6854138616851717,557.1750382452115,9.71767908414887,27.262094000102152,0.001,1000.0,9.88141048050344,19.83186812597972,0.7113359445235514,15.594460692957,6.989051889837591,27.262094000102152,6.593430984671152,0.7,8,213.30229196458737,288.7372284979453,73.78903934340501,36.37616357311082,26.125808897516222,0.39211946382573687,3.136955710605895,72.18543554757026,Permeability model: J = A × TMP,User-provided baseline rejection,Screening-level approximation; requires experimental validation.,simple,77.6726729930579,100.0,0.0,100,100,synthetic_physics
Custom Polymer,RO,244.74153864676168,77.23916135694978,89.81387455170868,82425.57284138029,0.22894539998251243,-0.817059528946043,0.1694406005450485,10000,89.0981815108515,0.137505507976443,Custom contaminant,926.1943790268189,29.821578937044556,2536.989996239319,7.21741321013258,34.68375545044622,0.001,1000.0,11.057623879124021,8.148767769176791,0.08842735556236643,76.79143619070047,10.506360076142105,34.68375545044622,3.5701543844834465,0.7,8,201.41034703196144,854.0815950241212,89.0981815108515,100.97203005819983,76.41790337066412,0.4387945987289731,3.5103567898317847,77.82564581978738,Permeability model: J = A × TMP,User-provided baseline rejection,Screening-level approximation; requires experimental validation.,simple,93.78755948510684,100.0,0.0,100,100,synthetic_physics
Custom Polymer,NF,195.67786162298128,94.55468596153948,7.2077541529144105,12346.598094538766,0.6527560608372944,0.09881898268027745,0.128536757960952,10000,51.719560825238986,0.037513980500487966,Custom contaminant,268.2026303331684,1.4213029574641989,726.6625611778608,8.429913621714398,35.66301068911011,0.001,1000.0,17.98506942944041,20.105787599533627,0.3262195886445221,79.98956361559156,18.579500596657336,35.66301068911011,5.419785600984788,0.7,8,847.0242028226195,1700.572591897222,51.719560825238986,129.4894078031145,50.19182322128055,0.7136932318979551,5.709545855183641,64.05457504087752,Permeability model: J = A × TMP,User-provided baseline rejection,Screening-level approximation; requires experimental validation.,simple,54.44164297393578,100.0,0.0,100,100,synthetic_physics
Custom Polymer,UF,134.83800201780434,32.80923983562536,52.021070534109334,54437.25051917969,0.10957505099157448,0.9188001705429489,0.5756062473515635,10000,79.39899639601576,0.035663314394303786,Custom contaminant,767.3373070132354,73.72645200918427,375.9581228738158,7.569966233559521,29.745812359896394,0.001,1000.0,16.74424985656277,11.098467766967822,0.8788584488383419,39.61108037806967,2.768305053682653,29.745812359896394,1.1456500929576718,0.7,8,497.72023981956204,549.3661094116035,79.39899639601576,158.0791862725122,9.400993018545789,0.6644543599189751,5.3156348793518005,84.85126881156528,Permeability model: J = A × TMP,User-provided baseline rejection,Screening-level approximation; requires experimental validation.,simple,83.57789094317448,100.0,52.995034907271055,100,100,synthetic_physics
Custom Polymer,NF,148.54784593280115,50.144174641520166,75.12636857671143,19079.227250933513,0.7948562561496756,-0.6769561364593748,0.5993779677221475,10000,96.35412774997987,0.12571357631713992,Custom contaminant,651.4103096465283,71.54929967908986,489.1963174455564,4.057978322561489,23.024463530811182,0.001,1000.0,1.9724747414984005,18.529875533728394,0.23150536563404023,73.7260041785557,21.18131597668935,23.024463530811182,8.207534200456983,0.7,8,6.899247410871695,98.90811791368314,96.35412774997987,23.749587713172993,93.02458932957084,0.07827280726493573,0.6261824581194858,60.74937284239308,Permeability model: J = A × TMP,User-provided baseline rejection,Screening-level approximation; requires experimental validation.,simple,100.0,22.997491369572316,0.0,100,100,synthetic_physics
Custom Polymer,MF,359.8327062228539,16.25312098129867,5.788375193716006,65561.8418565419,0.5495806960225695,-0.26115143049103806,0.4726866664355971,10000,74.40855447307567,0.03978957924824342,Custom contaminant,321.02494578851,41.83895546635016,1849.2191867436104,9.734915236104355,26.1545382855712,0.001,1000.0,14.67704540895539,40.54305401738211,0.12237304009546805,53.984350066545574,11.829601925978976,26.1545382855712,5.767066328254132,0.7,8,148.98934657950508,238.54779467976618,74.40855447307567,82.1549241293049,37.54318845013306,0.5824224373292471,4.659379498633977,72.41367796376471,Permeability model: J = A × TMP,User-provided baseline rejection,Screening-level approximation; requires experimental validation.,simple,78.3247941821849,100.0,0.0,100,100,synthetic_physics
Custom Polymer,NF,454.0457109082187,95.32563080796956,1.3447104447765637,21672.763408130333,0.226135921596265,0.5626090345597028,0.5980800591118203,10000,58.848949798506915,0.12302578852123476,Custom contaminant,359.94012308769095,46.085687629310236,1223.1891554298718,7.128281238647377,24.40427406486176,0.001,1000.0,5.6367632527163645,21.803245837198176,0.9092537783557572,42.71706023594338,22.035080644925827,24.40427406486176,5.5462577733978495,0.7,8,35.720528841966726,537.3280127803698,58.848949798506915,148.11914074713172,93.35219307529992,0.22368108163594347,1.7894486530875477,66.68119203102886,Permeability model: J = A × TMP,User-provided baseline rejection,Screening-level approximation; requires experimental validation.,simple,61.94626294579675,100.0,0.0,100,100,synthetic_physics
Custom Polymer,MF,386.72047369943783,30.06553965631158,79.25093551439637,26800.000492006064,0.1136849801500811,-0.6785421136446139,0.021652875032036834,10000,97.2584258303823,0.14999666796056565,Custom contaminant,764.6079609833254,10.812816375158762,2706.9418349646835,8.462657099596626,19.967335462062636,0.001,1000.0,10.145102653816856,33.42620772183648,0.03380997091653852,42.615568407492134,17.71129268149215,19.967335462062636,1.9634311817736951,0.7,8,21.407382911025856,305.01798615568254,97.2584258303823,20.962294357159514,92.98159981290434,0.4025834389655928,3.2206675117247423,72.83948575918822,Permeability model: J = A × TMP,User-provided baseline rejection,Screening-level approximation; requires experimental validation.,simple,100.0,71.35794303675286,0.0,100,100,synthetic_physics
Custom Polymer,UF,270.9397633006173,73.82097182396399,96.48091736851764,84903.417026427,0.5350628941609652,0.1672813496696186,0.6031866930726707,10000,77.20441426872272,0.013607617637543916,Custom contaminant,701.3134306423229,71.6336800129603,1586.1930505743794,9.222325632415258,30.173104082700355,0.001,1000.0,7.380760225568936,1.9650233263330783,0.06857003003270327,31.384869623133973,11.359475142169048,30.173104082700355,1.752024083133408,0.7,8,466.820172024041,544.8548926511585,77.20441426872272,159.8685043270326,14.322110653611942,0.29288731077275976,2.343098486182078,79.12162091907537,Permeability model: J = A × TMP,User-provided baseline rejection,Screening-level approximation; requires experimental validation.,simple,81.26780449339233,100.0,28.389446731940293,100,100,synthetic_physics
Custom Polymer,UF,102.77087014708972,23.79092451915429,78.27082061805099,77243.14017470126,0.36805728978964514,-0.6552712368312084,0.11090838506346923,10000,54.34775267115394,0.06173549138040895,Custom contaminant,55.087008987908206,33.3635037126335,2888.4464033692984,7.0450276936602325,34.67933970505567,0.001,1000.0,2.759465728728902,14.135860338075537,0.9470809800985688,33.76639227005177,15.737544018535575,34.67933970505567,9.763655113709635,0.7,8,24.84797490757251,65.6502408653824,54.34775267115394,25.148457589223515,62.150976782364054,0.10950260837049504,0.8760208669639603,60.729502003577664,Permeability model: J = A × TMP,User-provided baseline rejection,Screening-level approximation; requires experimental validation.,simple,57.20816070647783,82.82658302524169,0.0,100,100,synthetic_physics
Custom Polymer,UF,159.6195151220806,53.66289713925417,6.4090827337550715,11680.802472222771,0.10501977353658895,0.7684200831300085,0.6712804288995956,10000,64.88665528012413,0.03706840578505916,Custom contaminant,686.2458351462021,91.95320647852824,967.5033640511209,5.92935465632069,35.62722175581319,0.001,1000.0,17.888841154498294,45.78779177465915,0.30022266592662783,14.023442569726168,10.839942941965738,35.62722175581319,3.0280721648976927,0.7,8,642.3154574870825,959.9670428142988,64.88665528012413,240.96386572067703,33.089842792516,0.7098746495559274,5.678997196447419,68.90560984004573,Permeability model: J = A × TMP,User-provided baseline rejection,Screening-level approximation; requires experimental validation.,simple,68.30174240013066,100.0,0.0,100,100,synthetic_physics
Custom Polymer,NF,443.0946667377995,4.626859238550942,63.75416649399096,90665.04589193733,0.7836692567642463,0.30026119859608635,0.9499229570223799,10000,53.77540718499086,0.05709536016945476,Custom contaminant,18.627550353466354,98.11837721908184,2717.9067884234278,4.168315337489208,10.54397951379298,0.001,1000.0,7.46599598330605,13.668360372754188,0.8484629544700771,17.03633024538967,19.08026237347015,10.54397951379298,5.589151029907566,0.7,8,11.621335521962523,34.54411249034383,53.77540718499086,8.610509302300617,66.35798495268607,0.29626968211424,2.37015745691392,49.496438389088205,Permeability model: J = A × TMP,User-provided baseline rejection,Screening-level approximation; requires experimental validation.,simple,56.60569177367459,38.73778507320841,0.0,100,100,synthetic_physics
Custom Polymer,RO,81.40268324935559,99.77143929000744,62.18062597123213,44218.532140515425,0.35978928958691214,0.8114564612617106,0.821191808190761,10000,90.47817083957437,0.09434877857954696,Custom contaminant,889.0770168688438,29.92783721220704,2140.747791973539,6.426686454351355,27.999964256790765,0.001,1000.0,19.96342941213132,49.2417142530906,0.5174928263027737,48.03975891236185,21.587061574726572,27.999964256790765,9.857793553887165,0.7,8,259.8413209236849,1991.7800856128088,90.47817083957437,84.65639465085978,86.95431675411396,0.7921995804802406,6.337596643841925,78.33406294089582,Permeability model: J = A × TMP,User-provided baseline rejection,Screening-level approximation; requires experimental validation.,simple,95.24017983113092,100.0,0.0,100,100,synthetic_physics
Custom Polymer,UF,391.5178232867791,7.45326133790444,32.941333700042534,89707.95282207063,0.6378467540953364,0.4844661420488543,0.6679232304681411,10000,70.72166609665594,0.06346999144998175,Custom contaminant,810.8431627148931,29.37802917650709,2086.012430832823,8.35725114054374,35.33667968084586,0.001,1000.0,6.533734695998912,37.35257407507191,0.1154249986029,15.354629671392853,10.307396944074936,35.33667968084586,0.6467351859169481,0.7,8,25.315579909668116,48.697632201813505,70.72166609665594,237.40136861210183,48.01476218647574,0.2592751865565833,2.0742014924526666,67.15166725857912,Permeability model: J = A × TMP,User-provided baseline rejection,Screening-level approximation; requires experimental validation.,simple,74.44385904911151,84.38526636556038,0.0,100,100,synthetic_physics
Custom Polymer,MF,451.92894714958663,5.844435857058471,83.9928604673356,51132.98032195752,0.591374021861485,0.7738623385963745,0.5769744870776986,10000,55.80472230420301,0.0053738985205550064,Custom contaminant,501.9523169289321,94.92321321243601,1760.603427678268,6.237634828529375,10.927660512427401,0.001,1000.0,18.316592462108368,17.030676382044067,0.7077296273019452,57.06779015835987,6.4662542921655755,10.927660512427401,0.7313973139611808,0.7,8,103.39415368135965,107.05014976467305,55.80472230420301,221.8392203672285,3.4152180929688747,0.7268489078080018,5.814791262464015,82.14441644015855,Permeability model: J = A × TMP,User-provided baseline rejection,Screening-level approximation; requires experimental validation.,simple,58.74181295179264,100.0,82.92390953515563,100,100,synthetic_physics
Custom Polymer,RO,198.65018554920334,32.39597036988279,70.32538348836026,82068.35831815399,0.2557117921741723,0.056462139552884594,0.04060834738816166,10000,60.69136556437975,0.11545543277170203,Custom contaminant,795.4643372841817,77.64044634518032,512.9249824659834,7.306208364810503,22.681252433301488,0.001,1000.0,19.831428676542792,33.04942358385847,0.9358500704817718,15.90127287563282,11.095521917855383,22.681252433301488,7.738915241048099,0.7,8,178.44202259427507,642.4583757977242,60.69136556437975,312.68616840876825,72.22512316495086,0.7869614560479341,6.295691648383473,67.35997678687674,Permeability model: J = A × TMP,User-provided baseline rejection,Screening-level approximation; requires experimental validation.,simple,63.885647962505,100.0,0.0,100,100,synthetic_physics
Custom Polymer,UF,319.9291631152869,51.65851506499241,99.20101151258125,17800.3177365164,0.7547440867310895,-0.19685809239340646,0.4679929663772945,10000,76.37723399612995,0.04347814966786907,Custom contaminant,964.0208681846851,91.14872052347894,2921.4247906129517,9.981517433257139,30.09400285542916,0.001,1000.0,9.143372816953745,42.68596117331894,0.03356682905797517,67.58030335351276,12.186221568958656,30.09400285542916,6.764878268125836,0.7,8,278.06364106210145,472.3330624094471,76.37723399612995,227.72839391974475,41.1297528816522,0.36283225493128746,2.9026580394502997,73.1389809459426,Permeability model: J = A × TMP,User-provided baseline rejection,Screening-level approximation; requires experimental validation.,simple,80.39708841697889,100.0,0.0,100,100,synthetic_physics
Custom Polymer,UF,193.28257005782874,37.49369223281477,4.139998128277884,42667.048327686825,0.385847936793531,-0.5504177962638575,0.24732327353976746,10000,79.14856506408134,0.05107685916822794,Custom contaminant,831.9493899271168,11.138510685706649,1775.1703450676264,4.960268362834614,25.84721880761976,0.001,1000.0,11.14040856161631,32.47258663976073,0.4331506978001648,43.21060138469408,4.752386477910393,25.84721880761976,4.683851962389663,0.7,8,327.67250390219886,417.69504995705665,79.14856506408134,173.47338574042496,21.552217596093858,0.4420797051797078,3.5366376414376623,74.15999765518785,Permeability model: J = A × TMP,User-provided baseline rejection,Screening-level approximation; requires experimental validation.,simple,83.31427901482246,100.0,0.0,100,100,synthetic_physics
Custom Polymer,NF,336.40424128066076,44.047350626152124,78.1548234470418,42886.213808082364,0.2650398210817711,-0.4526225620828308,0.04528522509163657,10000,76.94194864898542,0.12547772816554664,Custom contaminant,771.4205897493945,43.77894663384714,668.7490299190854,9.180906659784718,11.703431021352053,0.001,1000.0,8.104609959009382,42.974141976813605,0.3992449205301545,13.840660306771994,6.749813258126209,11.703431021352053,6.040291473255189,0.7,8,153.04729683054435,356.9865965526906,76.94194864898542,177.87455571671495,57.12799911580018,0.32161150656718535,2.5728920525374828,73.3470337127841,Permeability model: J = A × TMP,User-provided baseline rejection,Screening-level approximation; requires experimental validation.,simple,80.99152489366887,100.0,0.0,100,100,synthetic_physics
Custom Polymer,UF,84.49759477033973,65.83859735739323,44.37803118872533,33771.75533164193,0.2686478363662147,0.6466599717134189,0.39667394746340157,10000,86.85011535375077,0.06885150293242075,Custom contaminant,100.94851501791162,44.05059751672604,1572.2945612337155,6.747053160960261,34.487251352448176,0.001,1000.0,18.234856711051982,39.552155085340665,0.5869540831888501,45.6087470416168,15.648476707905987,34.487251352448176,2.949519934749808,0.7,8,408.7566857756161,1200.557388868711,86.85011535375077,13.274613276956961,65.95275748035763,0.7236054256206298,5.788843404965038,76.99741091980292,Permeability model: J = A × TMP,User-provided baseline rejection,Screening-level approximation; requires experimental validation.,simple,91.42117405657976,100.0,0.0,100,100,synthetic_physics
Custom Polymer,NF,429.85560702579386,27.454499155001223,90.37900260586768,84948.9060371709,0.3971407372377572,0.8180004041854911,0.12043899381150813,10000,51.39652930452413,0.05544068971113787,Custom contaminant,569.7813418390716,35.14426145328662,2831.9964276469427,5.528261374330871,18.43640180778037,0.001,1000.0,12.76958672838813,1.1893302347437018,0.7302814818310532,33.31021123198679,23.477074889617455,18.43640180778037,6.945034170994511,0.7,8,95.39356665645421,350.58260804424674,51.39652930452413,276.9335075090424,72.78998887348837,0.5067296324842778,4.053837059874223,63.93556342798257,Permeability model: J = A × TMP,User-provided baseline rejection,Screening-level approximation; requires experimental validation.,simple,54.10160979423593,100.0,0.0,100,100,synthetic_physics
Custom Polymer,RO,35.58532799034811,10.17015306545539,9.728642585491697,95285.9148592484,0.5788360788523115,-0.14478798542212856,0.20048268988003104,10000,93.59462334714658,0.034225609512344365,Custom contaminant,709.6124243110593,76.3324361545346,954.502657680684,7.029488423023854,16.689678469551815,0.001,1000.0,7.702807217618863,48.29158551572043,0.696206654307886,68.49606546428863,13.204089929468413,16.689678469551815,2.466493447298426,0.7,8,49.85526316499963,78.33872843687838,93.59462334714658,45.45334855256775,36.35936635712612,0.3056669533246472,2.4453356265971777,79.48222965421189,Permeability model: J = A × TMP,User-provided baseline rejection,Screening-level approximation; requires experimental validation.,simple,98.52065615489114,100.0,0.0,100,100,synthetic_physics
Custom Polymer,UF,255.27830078737756,18.50803794259881,41.83055907220282,63666.60179212244,0.6147322996775668,-0.5135584082192965,0.8759973393493311,10000,68.93960024302643,0.044314824094448514,Custom contaminant,203.16885489918755,80.41713344029736,1127.0772674015811,6.900394167327608,16.68459470691627,0.001,1000.0,13.784603209144844,39.27063697006869,0.3460309964638082,75.88095390285515,1.219349324665548,16.68459470691627,1.4161367224129997,0.7,8,241.7060044777052,255.12595921852213,68.93960024302643,63.10505851335323,5.260129067980257,0.5470080642925607,4.376064514340485,85.1386710215558,Permeability model: J = A × TMP,User-provided baseline rejection,Screening-level approximation; requires experimental validation.,simple,72.5680002558173,100.0,73.69935466009872,100,100,synthetic_physics
Custom Polymer,NF,298.5056454646405,70.43927934278959,25.81761596139684,55630.074140689176,0.3228703729299689,0.10817849124318046,0.6593276777642525,10000,98.54312187309597,0.07107604470307163,Custom contaminant,651.7338798686668,57.80392479199319,1020.9091922739616,5.518384790186322,39.636121652341714,0.001,1000.0,4.295676761690004,39.7234880866376,0.15512151711055341,65.32634520209382,4.864618410254379,39.636121652341714,9.674850775760053,0.7,8,214.13407335991445,302.58437538301195,98.54312187309597,9.494968341429571,29.231615780271834,0.17046336369549783,1.3637069095639827,80.0,Permeability model: J = A × TMP,User-provided baseline rejection,Screening-level approximation; requires experimental validation.,simple,100.0,100.0,0.0,100,100,synthetic_physics
Custom Polymer,UF,54.15793940115615,69.62453482644207,60.75845551537363,34085.85154604887,0.2825151984297003,0.43752156349630433,0.7413613729498658,10000,66.32757186273157,0.13205293107172802,Custom contaminant,276.1389466996063,6.986442597481101,1839.6167499999779,4.642423436989697,18.299921927994557,0.001,1000.0,10.24229058235907,15.031621495507583,0.22284637899584395,57.73890611792408,13.354484522953946,18.299921927994557,8.413636357677778,0.7,8,122.25921173953058,713.1147173539987,66.32757186273157,92.9826883864349,82.85560390715655,0.4064401027997183,3.2515208223977465,69.43647384416427,Permeability model: J = A × TMP,User-provided baseline rejection,Screening-level approximation; requires experimental validation.,simple,69.81849669761219,100.0,0.0,100,100,synthetic_physics
Custom Polymer,NF,294.80740138118404,48.861273965604056,26.864378809468032,79310.55457158409,0.23780970599505707,-0.5155431780536794,0.84158859675307,10000,86.98550703388764,0.09386665590203047,Custom contaminant,48.53132547870769,12.725761828472649,1549.876634544068,8.478033540897346,23.9230259257547,0.001,1000.0,0.5424018834127051,10.029229934674262,0.592879032624016,57.06627947659935,1.2855653487297531,23.9230259257547,0.5289843592589533,0.7,8,23.489778029739057,26.502447024887815,86.98550703388764,6.316105940787507,11.367512563347947,0.021523884279628043,0.17219107423702434,80.25459452655109,Permeability model: J = A × TMP,User-provided baseline rejection,Screening-level approximation; requires experimental validation.,simple,91.56369161461856,78.29926009913018,43.16243718326026,100,100,synthetic_physics
Custom Polymer,RO,50.91583073941682,54.6526769871431,13.246496213711367,64997.823822691535,0.6440577235153109,0.9410333275042133,0.9484069616377143,10000,63.640920996740384,0.00926439238036006,Custom contaminant,336.1180939506503,70.84801187126533,273.4235068903639,6.1582759460285725,18.94103642640721,0.001,1000.0,4.543043589215739,35.60040698178545,0.6625060349741303,45.16205705257575,21.903204032517543,18.94103642640721,1.1210746420296975,0.7,8,202.68955091643397,248.28949381991904,63.640920996740384,122.20944332376733,18.365635292066806,0.18027950765278472,1.4422360612222778,70.08101981199543,Permeability model: J = A × TMP,User-provided baseline rejection,Screening-level approximation; requires experimental validation.,simple,66.99044315446356,100.0,8.171823539665969,100,100,synthetic_physics
Custom Polymer,UF,83.3477199942841,38.961518242721894,65.93232313442716,58615.88957841851,0.1518298812275524,0.9168496074929349,0.3050648164613915,10000,67.91273342777639,0.0954263208612964,Custom contaminant,945.7138622851373,66.2688239103272,2868.842655688342,5.125546712922874,28.56429786918805,0.001,1000.0,16.61180205915044,25.94219894448751,0.36855193907104705,78.85688975239079,3.813202499321522,28.56429786918805,4.1682023225337,0.7,8,449.80221873983265,647.2210289720749,67.91273342777639,303.45372800190376,30.502533353371643,0.6591984949380906,5.273587959504725,70.0204807365492,Permeability model: J = A × TMP,User-provided baseline rejection,Screening-level approximation; requires experimental validation.,simple,71.487087818712,100.0,0.0,100,100,synthetic_physics
Custom Polymer,UF,451.23556578790124,98.05782805441764,88.59991163417376,5570.224026047547,0.7508365497392419,-0.14366561718642945,0.651619187456582,10000,69.67436587143925,0.12298187110896455,Custom contaminant,580.1600835595384,84.55446425540043,661.937267410225,5.109898568529413,23.21130404754361,0.001,1000.0,0.29408059025711464,34.949794789916645,0.3030931905299309,46.797450966083744,2.1450836708299015,23.21130404754361,1.7893791578886704,0.7,8,22.15026700053672,28.836903953573795,69.67436587143925,175.93722430021796,23.187776897971712,0.011669864702078536,0.09335891761662829,64.128059049574,Permeability model: J = A × TMP,User-provided baseline rejection,Screening-level approximation; requires experimental validation.,simple,73.34143775940973,73.8342233351224,0.0,100,100,synthetic_physics
Custom Polymer,RO,315.2009933107471,31.260600083993264,22.257472315977736,23270.226830372907,0.25037355530784683,0.2457018988610964,0.16769121446945712,10000,68.09904732307653,0.10474359551105057,Custom contaminant,518.5343467741741,59.72808707754839,827.6302404448707,9.596289238991233,22.416377449490067,0.001,1000.0,5.881885944924225,45.31198301886514,0.6587367191117431,51.04593973538378,21.33826432590495,22.416377449490067,0.6795488340867056,0.7,8,19.671865019010863,183.871284263937,68.09904732307653,165.4173965780235,89.3012848103171,0.2334081726043545,1.867265380834836,61.48234354715128,Permeability model: J = A × TMP,User-provided baseline rejection,Screening-level approximation; requires experimental validation.,simple,71.68320770850161,65.57288339670288,0.0,100,100,synthetic_physics
Custom Polymer,NF,342.1535385094994,36.639286683232804,26.378782909861705,10928.187038214985,0.758751919172683,-0.7161757933409276,0.25943853573088427,10000,84.48624826051656,0.10797210349346892,Custom contaminant,169.16101755656803,81.41311607656276,1579.8330806114511,9.090740068690653,12.618561695426337,0.001,1000.0,1.0480339820550555,32.212528693223135,0.15852355913871868,44.37117842999749,0.8315558431859549,12.618561695426337,7.821299679427182,0.7,8,35.10179429922066,38.39921752228524,84.48624826051656,26.243220303709958,8.587214625274342,0.04158865011482075,0.332709200918566,87.53929789175808,Permeability model: J = A × TMP,User-provided baseline rejection,Screening-level approximation; requires experimental validation.,simple,88.93289290580691,100.0,57.06392687362829,100,100,synthetic_physics
Custom Polymer,RO,450.7697833874658,84.04939343446452,95.87692850189141,90358.02758854956,0.41081261280325576,-0.2033035831127068,0.896183667971543,10000,96.25424588832564,0.14606121250611537,Custom contaminant,770.6340624943549,20.198882994138035,2840.366994721095,9.682848800897318,29.983940917389145,0.001,1000.0,17.1741492737198,28.497644637033662,0.9446856759576054,12.04522974440684,20.803146867392112,29.983940917389145,0.6494859274676795,0.7,8,69.14993317742142,1443.4768292090985,96.25424588832564,28.866057081845454,95.20948782979013,0.6815138606134572,5.452110884907658,80.0,Permeability model: J = A × TMP,User-provided baseline rejection,Screening-level approximation; requires experimental validation.,simple,100.0,100.0,0.0,100,100,synthetic_physics
Custom Polymer,MF,76.30956488147834,48.43437415382831,23.992369641254523,95231.20174373272,0.4915249335573867,0.7954614726074496,0.27805846905115095,10000,51.296280241333385,0.11746997553416864,Custom contaminant,705.3538833722522,54.54916456741936,2464.4939162147166,9.040506235888795,27.637099240545215,0.001,1000.0,19.32537027870795,36.26588543324904,0.6801066224010024,32.10663444189841,0.5530765971001801,27.637099240545215,2.4853324715523626,0.7,8,877.1329980360773,936.0122147402142,51.296280241333385,343.5335786644939,6.2904325154002905,0.7668797735781051,6.135038188624841,77.60819704719621,Permeability model: J = A × TMP,User-provided baseline rejection,Screening-level approximation; requires experimental validation.,simple,53.996084464561456,100.0,68.54783742299855,100,100,synthetic_physics
Custom Polymer,UF,384.3210483391686,71.27725418928024,33.771192338179326,62745.50596657466,0.23670123563119605,-0.4727445614619119,0.9474080939024966,10000,70.61771058948617,0.040523201173333905,Custom contaminant,492.23716437060153,38.70158797873662,2215.6342083124064,9.772696638945288,27.752122733730754,0.001,1000.0,11.904714301350918,18.87685907745067,0.5689846226555424,28.949664979035365,0.5256637463400353,27.752122733730754,8.674352111497003,0.7,8,830.6513604523026,848.5353473081491,70.61771058948617,144.63054822147686,2.107630155017204,0.47240929805058296,3.7792743844046637,88.90942111479349,Permeability model: J = A × TMP,User-provided baseline rejection,Screening-level approximation; requires experimental validation.,simple,74.33443219945912,100.0,89.46184922491398,100,100,synthetic_physics
Custom Polymer,RO,251.1233576764584,9.266590627166892,83.87394082713381,17448.53850257024,0.38743481114902123,0.6805310941277627,0.4577829402135195,10000,96.46450153977653,0.035350573996,Custom contaminant,718.0805016552237,97.79985235617275,1693.8795479389016,8.153103391863958,21.796799788030253,0.001,1000.0,15.076479326564284,45.534828769662724,0.7060250113800239,75.19465335357344,14.333337321819277,21.796799788030253,5.813660660464533,0.7,8,84.17177856282457,139.707562018216,96.46450153977653,25.38772507918535,39.75145128375392,0.5982729896279948,4.786183917023958,80.0,Permeability model: J = A × TMP,User-provided baseline rejection,Screening-level approximation; requires experimental validation.,simple,100.0,100.0,0.0,100,100,synthetic_physics
Custom Polymer,UF,159.26742017348613,71.2531216252148,88.31329965385937,64808.46449982866,0.2631274544190081,0.0882182294433731,0.755937416951415,10000,96.87422941215037,0.02770642718048032,Custom contaminant,136.222120056895,41.2943530232906,464.2723914415715,9.88257347503071,22.729131018476775,0.001,1000.0,10.765488277544517,12.127301283345794,0.45463486230155997,78.85204511459149,11.984148057123782,22.729131018476775,0.1873568654644135,0.7,8,550.3454613940465,767.0746455947036,96.87422941215037,4.257990962883635,28.253988766977113,0.42720191611733765,3.4176153289387012,80.0,Permeability model: J = A × TMP,User-provided baseline rejection,Screening-level approximation; requires experimental validation.,simple,100.0,100.0,0.0,100,100,synthetic_physics
Custom Polymer,RO,489.442866934467,98.91768382766251,21.838815887398862,61718.77674046342,0.15383583135379014,0.1548832848892583,0.12592070148643741,10000,90.85121002976862,0.14123837320232543,Custom contaminant,181.2569399689878,46.2712168594824,395.9246955764391,6.03484004243785,11.952932642815794,0.001,1000.0,5.438021254745056,49.52095968737578,0.054157234648187835,69.4226247214003,2.320135577221464,11.952932642815794,5.337069618061865,0.7,8,387.61442983661914,537.91646712498,90.85121002976862,16.58281674423106,27.941520008057232,0.21579449440855053,1.7263559552684042,78.47149843202001,Permeability model: J = A × TMP,User-provided baseline rejection,Screening-level approximation; requires experimental validation.,simple,95.63285266291433,100.0,0.0,100,100,synthetic_physics
Custom Polymer,MF,231.53869828939938,93.22391134204385,20.70593636622387,18378.360530273694,0.6240998619974826,0.4514389462007078,0.6991817704927987,10000,51.3037430970018,0.04269415457511175,Custom contaminant,841.4962260757563,60.08581214567727,1846.3652701233266,5.77549963242887,17.805192656708435,0.001,1000.0,18.941786782761444,36.660008663807396,0.13559745662381917,75.32802066078229,14.18569856772429,17.805192656708435,3.400287432875172,0.7,8,963.6501012965731,1765.8274516960507,51.3037430970018,409.7771640788849,45.42784458521122,0.7516582062664633,6.013265650131706,63.901379035737506,Permeability model: J = A × TMP,User-provided baseline rejection,Screening-level approximation; requires experimental validation.,simple,54.003940102107165,100.0,0.0,100,100,synthetic_physics
Custom Polymer,MF,365.4482100727829,38.250992516922274,58.29573511274209,71194.69991651629,0.23676249811417518,0.8884829724850987,0.3561727714354098,10000,70.92680037813803,0.10628458334083399,Custom contaminant,612.6972384938864,44.01198369391792,1984.2519168722952,9.416969845432266,34.008508499362556,0.001,1000.0,16.520328397104517,13.662012019798334,0.4252093158046612,46.53643562405444,1.5384842502948488,34.008508499362556,7.720942585735513,0.7,8,536.5952024068334,631.9189578947435,70.92680037813803,178.13069122496336,15.084807046378845,0.6555685877111421,5.244548701689137,76.04611940872464,Permeability model: J = A × TMP,User-provided baseline rejection,Screening-level approximation; requires experimental validation.,simple,74.65978987172423,100.0,24.575964768105774,100,100,synthetic_physics
Custom Polymer,UF,168.49707796339356,28.977011726060415,26.669908926258493,28696.23690929641,0.3366103825104826,0.2096491161523184,0.5835653219000632,10000,62.760016504733585,0.03493152010311509,Custom contaminant,828.0946081706433,9.272333767636653,1587.1862394826896,7.123365245135656,27.22410420434865,0.001,1000.0,17.735872294961286,31.571783064643615,0.9738974285855431,70.35148125115457,5.546396097949471,27.22410420434865,2.4877147712304817,0.7,8,423.4129913797286,513.9325794630032,62.760016504733585,308.3822954079386,17.613125086924143,0.703804456712301,5.630435653698408,70.50898625692507,Permeability model: J = A × TMP,User-provided baseline rejection,Screening-level approximation; requires experimental validation.,simple,66.06317526814061,100.0,11.93437456537929,100,100,synthetic_physics
Custom Polymer,UF,201.84206338926433,55.74651691046185,24.018750656737545,22623.345520819683,0.36697297015765573,0.344046226425504,0.6881256130961884,10000,98.70822532801046,0.03435023791866303,Custom contaminant,398.93056033841094,96.46774979390604,2101.0253537301014,7.553671148932115,26.189381542040408,0.001,1000.0,1.6951055266978796,44.77531663197961,0.6292501632609565,47.87505559460256,13.1782580680633,26.189381542040408,3.979950652479006,0.7,8,60.092415044121964,94.49622890908068,98.70822532801046,5.153283937277553,36.40760510989308,0.06726609238309382,0.5381287390647506,80.0,Permeability model: J = A × TMP,User-provided baseline rejection,Screening-level approximation; requires experimental validation.,simple,100.0,100.0,0.0,100,100,synthetic_physics
Custom Polymer,UF,134.78569876683747,75.77687654811395,51.44718425840455,3876.9834627774208,0.3793661498405143,0.8572072764456651,0.37389456154086287,10000,70.62032709548613,0.09547436284298016,Custom contaminant,803.6580557777235,66.84611177047121,2565.1587202565447,4.6838235222441895,37.73777659955947,0.001,1000.0,18.097654261745443,26.438280742693802,0.628494815409329,20.960978765105132,11.02676479256264,37.73777659955947,2.106763273106142,0.7,8,478.56984923943537,1371.3837128027328,70.62032709548613,236.11210805827074,65.10314037043872,0.7181608839771257,5.745287071817006,71.01801524570541,Permeability model: J = A × TMP,User-provided baseline rejection,Screening-level approximation; requires experimental validation.,simple,74.3371864163012,100.0,0.0,100,100,synthetic_physics
Custom Polymer,UF,490.6425033822557,26.655505055310304,59.71772258088569,30374.913162017372,0.35943513414730444,-0.2044768828354504,0.3350467313247577,10000,81.8062479910628,0.14433575922084788,Custom contaminant,434.3483035061707,97.33267240542651,2036.6119882998712,7.6428171701260545,17.11311555396769,0.001,1000.0,1.44582997680774,42.74480374429962,0.5782412533048262,36.081039681866145,19.58123206907936,17.11311555396769,3.174745787515456,0.7,8,2.282810218279346,38.539328255917894,81.8062479910628,79.02425319493854,94.07667356545373,0.057374205474777944,0.45899364379822355,52.04148584527346,Permeability model: J = A × TMP,User-provided baseline rejection,Screening-level approximation; requires experimental validation.,simple,86.11183999059242,7.609367394264487,0.0,100,100,synthetic_physics
Custom Polymer,MF,393.9724554225988,33.4684197051739,92.1672374540122,27162.704008451856,0.19628788230219982,0.3961934166988237,0.16284725306477077,10000,97.37321620942038,0.10005549129638557,Custom contaminant,238.5520546716807,20.881893428542874,2779.2376134492224,7.647147477099345,36.8120802001725,0.001,1000.0,2.3824590559473395,46.34421758337963,0.5248488188741475,55.13164372485129,9.262573581220096,36.8120802001725,0.6854891878576793,0.7,8,31.562323646279292,79.73713961483794,97.37321620942038,6.266246704210349,60.417035526057425,0.09454202610528996,0.7563362088423197,80.0,Permeability model: J = A × TMP,User-provided baseline rejection,Screening-level approximation; requires experimental validation.,simple,100.0,100.0,0.0,100,100,synthetic_physics
Custom Polymer,MF,497.35318126315616,37.09013802728386,94.44292504544599,17188.76595067564,0.2082791147610029,-0.853776319981657,0.39126940758415074,10000,52.6098822840618,0.06222529249387002,Custom contaminant,147.00652436317154,73.05277955729574,2516.751683075583,8.126892566777729,16.014824573084674,0.001,1000.0,15.383594219577523,13.225509654630473,0.7618937109988422,47.55481811722932,9.117744132843429,16.014824573084674,0.9265745423589711,0.7,8,323.5321363308787,570.5796329598564,52.6098822840618,69.66656494581638,43.297636711536626,0.6104600885668412,4.88368070853473,64.3825882099175,Permeability model: J = A × TMP,User-provided baseline rejection,Screening-level approximation; requires experimental validation.,simple,55.378823456907156,100.0,0.0,100,100,synthetic_physics
Custom Polymer,RO,415.4796598054426,94.02563915902431,66.92586022006311,96471.88588599717,0.7538779933300939,-0.6107831983924927,0.7312123485982135,10000,67.43031048994095,0.07569001728201577,Custom contaminant,165.3957768373573,97.47794280576525,2205.7984109215845,5.601449857785809,21.144150705041007,0.001,1000.0,8.56516195120993,37.62915248304817,0.9264402941018887,29.108009973842872,11.60375207458986,21.144150705041007,5.972754971063542,0.7,8,334.6155788572813,805.3448269630694,67.43031048994095,53.868890978677435,58.4506452820829,0.33988737928817697,2.7190990343054158,69.84274596997824,Permeability model: J = A × TMP,User-provided baseline rejection,Screening-level approximation; requires experimental validation.,simple,70.97927419993785,100.0,0.0,100,100,synthetic_physics
Custom Polymer,UF,257.04884844918575,11.465055272990098,17.599764384296442,40409.57509340442,0.7404573082393868,-0.30128390851073283,0.24979280860501363,10000,87.06882482037886,0.14262387408110833,Custom contaminant,464.53238089291193,0.8604955567183104,2095.633061279292,6.490364809696869,30.209366098486456,0.001,1000.0,5.69878701341823,1.1179990470311583,0.35105125655814773,57.859425695970614,9.738162150715947,30.209366098486456,2.2698239825669373,0.7,8,16.291812361188196,65.33690809783818,87.06882482037886,60.06949593932734,75.06491685099,0.2261423419832246,1.8091387358657969,65.65449839270869,Permeability model: J = A × TMP,User-provided baseline rejection,Screening-level approximation; requires experimental validation.,simple,91.65139454776723,54.30604120396065,0.0,100,100,synthetic_physics
Custom Polymer,UF,237.36336342570974,75.48250380654015,12.823875592438297,69329.32734784146,0.5671408166627632,-0.25852424062985735,0.9703361913794945,10000,94.64579444406954,0.05084341471630012,Custom contaminant,40.78018245990465,30.830480674507665,693.6936333690254,7.283511484285556,37.56233263546464,0.001,1000.0,17.432682698742926,15.985628627576508,0.43431155822008066,7.740664930967485,13.287842429755012,37.56233263546464,0.7273430025022157,0.7,8,669.5784724598379,1315.8625381660695,94.64579444406954,2.183454794986793,49.11486169421344,0.6917731235194077,5.534184988155261,79.86950321623614,Permeability model: J = A × TMP,User-provided baseline rejection,Screening-level approximation; requires experimental validation.,simple,99.62715204638899,100.0,0.0,100,100,synthetic_physics
Custom Polymer,RO,434.7975790776134,22.2045750173128,70.2374993063425,57018.02805211664,0.6609503987613281,-0.04869578649696016,0.191771970665778,10000,81.92818566612931,0.016640647414412024,Custom contaminant,588.7421112567379,21.270480546445757,2086.315667658325,8.968258970368652,13.285741878462174,0.001,1000.0,8.125317332542128,36.94255780102384,0.17206603090366993,47.48927525267848,16.288216074079493,13.285741878462174,3.6124567116698842,0.7,8,137.58427969564616,180.4192182499036,81.92818566612931,106.39638125162811,23.741893446697894,0.32243322773977706,2.5794658219182165,75.18406840331079,Permeability model: J = A × TMP,User-provided baseline rejection,Screening-level approximation; requires experimental validation.,simple,86.24019543803085,100.0,0.0,100,100,synthetic_physics
Custom Polymer,RO,417.6713143592745,51.55516031962466,63.072489154110485,14516.843272125481,0.11621212217286835,-0.8985028583500274,0.9039201481982159,10000,94.04385497398773,0.12210075867846716,Custom contaminant,207.61597032251217,52.54586519495032,2408.7395915902825,8.048015087534644,13.465635810278128,0.001,1000.0,17.93171575628599,8.873437246120151,0.1800777364792021,72.57564718780311,11.888498068721129,13.465635810278128,3.791629076969022,0.7,8,216.5082493339886,924.4724806212638,94.04385497398773,12.365908289571399,76.58034675207522,0.7115760226441017,5.6926081811528135,79.64773604304811,Permeability model: J = A × TMP,User-provided baseline rejection,Screening-level approximation; requires experimental validation.,simple,98.99353155156604,100.0,0.0,100,100,synthetic_physics
Custom Polymer,UF,490.8846930877346,12.843415068863244,75.93793603041446,33765.42329329069,0.18193448959333663,-0.15613328929412273,0.5487528777252709,10000,60.27748572263453,0.06376407156900736,Custom contaminant,639.3192652175676,57.64480197202222,2197.1657227590667,9.018427197624408,22.27420995308121,0.001,1000.0,8.574752054152103,25.337914588302503,0.5706898445974905,13.124200567841875,7.846930823577191,22.27420995308121,1.8017287742325403,0.7,8,66.77314995959311,110.12909974406318,60.27748572263453,253.95368640399633,39.3682958320989,0.3402679389290439,2.722143511432351,67.20749473991799,Permeability model: J = A × TMP,User-provided baseline rejection,Screening-level approximation; requires experimental validation.,simple,63.44998497119424,100.0,0.0,100,100,synthetic_physics
Custom Polymer,NF,199.06785354862447,97.36205318482962,58.690364711417,43223.461232094356,0.4961558266565962,0.3381531108543585,0.43495346329040097,10000,72.34071923221907,0.10670316376034775,Custom contaminant,70.25395737364425,54.00805682883442,1687.2506554313343,8.540513566770287,39.479342570099746,0.001,1000.0,15.9559447783788,25.685642019872933,0.17775864781110676,49.119572872487794,20.10602383774812,39.479342570099746,9.330899230088791,0.7,8,181.79717745697562,1553.5035441267212,72.34071923221907,19.431739320453396,88.29760137050926,0.6331724123469665,5.065379298775732,71.65184392765966,Permeability model: J = A × TMP,User-provided baseline rejection,Screening-level approximation; requires experimental validation.,simple,76.14812550759902,100.0,0.0,100,100,synthetic_physics
Custom Polymer,RO,102.59461711765613,71.54501057058381,88.1353398010985,68261.18817938403,0.5800264286497506,0.0003245725021574497,0.6369762221255051,10000,64.68959788922875,0.017877462583933055,Custom contaminant,829.4377556979464,94.31443073915156,2584.7847725931383,6.003481322684818,12.805904539237849,0.001,1000.0,5.74674007510185,42.2989334146851,0.6592563625568839,77.50206830772028,8.55300393327193,12.805904539237849,5.55957399088726,0.7,8,352.85369627744325,411.15057941955945,64.68959788922875,292.8778067955014,14.178961689514491,0.22804524125790646,1.8243619300632516,74.65404805914872,Permeability model: J = A × TMP,User-provided baseline rejection,Screening-level approximation; requires experimental validation.,simple,68.0943135676092,100.0,29.105191552427545,100,100,synthetic_physics
Custom Polymer,RO,397.11872860273166,24.16520233044942,96.4449074913069,59443.56841293558,0.10552829432375724,-0.9496934487439752,0.8822160164015952,10000,82.19954823527777,0.11564551526426,Custom contaminant,786.175840947339,42.04597762507765,2415.9726138126753,9.625194668875228,15.16513323308865,0.001,1000.0,15.329900710932009,16.081808373162687,0.32827807302331535,35.956613827728965,20.79740871784001,15.16513323308865,0.31835506636948674,0.7,8,33.43461855472157,370.4501523853724,82.19954823527777,139.9428513537304,90.97459716525096,0.6083293937776163,4.86663515022093,75.28404408668128,Permeability model: J = A × TMP,User-provided baseline rejection,Screening-level approximation; requires experimental validation.,simple,86.52584024766081,100.0,0.0,100,100,synthetic_physics
Custom Polymer,MF,343.2233482889426,11.931130369969676,79.43310610472423,94219.30849078661,0.16365437475388503,-0.6941037243382437,0.9740972249462029,10000,59.87299647520851,0.01644625297696465,Custom contaminant,952.6706110319412,89.2622709809469,2001.6038709260802,7.30858556372532,37.57698088908311,0.001,1000.0,13.17929748720617,33.261436306438426,0.8452487085599334,53.99342579693157,12.336406845385422,37.57698088908311,3.9582428291946345,0.7,8,128.369206823909,157.24391650447058,59.87299647520851,382.2781696684397,18.363005909828413,0.5229879959424448,4.183903967539559,68.69546647577472,Permeability model: J = A × TMP,User-provided baseline rejection,Screening-level approximation; requires experimental validation.,simple,63.024206816008956,100.0,8.184970450857932,100,100,synthetic_physics
Custom Polymer,UF,256.53560746770796,52.72538625963225,36.72235623070693,45087.781693544435,0.6613103530044648,-0.16697326264822432,0.02555976663542936,10000,64.12266415651507,0.03860257029329623,Custom contaminant,795.6461917136487,44.92930584718088,912.9005748018861,8.864229303049747,10.576504136698361,0.001,1000.0,3.650166686078109,41.5207861503942,0.5551452103837986,63.023733093461026,20.197136346908824,10.576504136698361,9.425438537026542,0.7,8,88.2530724657243,192.4564484355101,64.12266415651507,285.45665632700366,54.14387349286618,0.14484788448405725,1.158783075872458,68.6241394260845,Permeability model: J = A × TMP,User-provided baseline rejection,Screening-level approximation; requires experimental validation.,simple,67.49754121738428,100.0,0.0,100,100,synthetic_physics
Custom Polymer,RO,401.6250242162513,71.16784867376366,21.495534466979358,93204.37550084224,0.38294131621447447,0.7752210549096084,0.6051137046649254,10000,76.28472253239374,0.028130970414917012,Custom contaminant,915.1843480444397,55.66619073622462,117.66797594077059,4.109707246421699,33.32897815054143,0.001,1000.0,3.406339796892115,30.338183345779115,0.6842711423146405,25.95241947113726,13.878874497668193,33.32897815054143,2.47856158529184,0.7,8,164.06345708792264,242.42187519663688,76.28472253239374,217.03850747884223,32.32316309951607,0.13517221427052328,1.0813777141641863,73.10489777509243,Permeability model: J = A × TMP,User-provided baseline rejection,Screening-level approximation; requires experimental validation.,simple,80.29970792883552,100.0,0.0,100,100,synthetic_physics
Custom Polymer,MF,473.69455941029577,86.15684547856753,29.516236358249444,53117.0418495588,0.4504430000077341,0.9200465159001481,0.394028780183854,10000,78.05515497561619,0.13966245625867837,Custom contaminant,171.18294066479257,55.048560327833805,406.4514690493059,7.704993590911004,20.970496101610138,0.001,1000.0,19.359194248956094,21.35504987627779,0.14482576116628976,67.54999706963031,19.790367248438482,20.970496101610138,6.979110233473565,0.7,8,105.14765298307825,1667.9271074968833,78.05515497561619,37.56583103707162,93.69590838169918,0.7682219946207719,6.145775956966175,73.75716235943754,Permeability model: J = A × TMP,User-provided baseline rejection,Screening-level approximation; requires experimental validation.,simple,82.16332102696441,100.0,0.0,100,100,synthetic_physics
Custom Polymer,RO,139.71045666780935,64.56329654185535,4.7639672493339695,20090.569317058438,0.7525956132871607,0.47847059416531734,0.23067254098925782,10000,55.558016167012475,0.1425933195059327,Custom contaminant,121.06578939953143,25.70700480472482,629.6385796984257,4.044782922470608,19.42404322294132,0.001,1000.0,19.4887416576555,17.753261984658465,0.5092618306730959,60.945183794133605,13.450382398861578,19.42404322294132,7.461555923381836,0.7,8,184.85067877478306,1258.2574068708216,55.558016167012475,53.80403855221847,85.30899339313322,0.7733627648113689,6.186902118490951,65.46874279837301,Permeability model: J = A × TMP,User-provided baseline rejection,Screening-level approximation; requires experimental validation.,simple,58.48212228106576,100.0,0.0,100,100,synthetic_physics
Custom Polymer,NF,334.2015754133525,61.247739276902465,65.31524181396277,80016.85402678598,0.5971339763607729,0.583549841410383,0.14559763828353134,10000,83.81591926225596,0.1118681772872023,Custom contaminant,306.9667681718662,87.45773278432823,983.6636495778312,5.4629927162589835,36.012904464415335,0.001,1000.0,5.090992794705249,21.359620659158207,0.3742436017364507,72.35463669187043,11.19803984976716,36.012904464415335,6.973658439632534,0.7,8,89.09431176474065,311.8117993506961,83.81591926225596,49.67974959897841,71.42689534191236,0.20202352376103347,1.6161881900882678,75.87954920188378,Permeability model: J = A × TMP,User-provided baseline rejection,Screening-level approximation; requires experimental validation.,simple,88.22728343395364,100.0,0.0,100,100,synthetic_physics
Custom Polymer,MF,317.67275456611634,94.42575533416655,80.4482453963448,40320.559453648886,0.7655682902803783,0.04914966654266828,0.022577322944895895,10000,62.97466265467955,0.09515079012040364,Custom contaminant,165.24675330119237,58.406804489320365,1148.6342646918365,7.206312880349644,10.056245436197585,0.001,1000.0,16.998742822440228,18.73434890100089,0.14875684993517352,37.843689275380996,11.925166396987601,10.056245436197585,6.41028683391227,0.7,8,516.0812697416613,1605.1191307401607,62.97466265467955,61.18316786195594,67.84779024447343,0.6745532871444136,5.396426297155309,68.20119150435562,Permeability model: J = A × TMP,User-provided baseline rejection,Screening-level approximation; requires experimental validation.,simple,66.2891185838732,100.0,0.0,100,100,synthetic_physics
Custom Polymer,RO,267.03559577261706,5.308834624639201,87.27971988569871,45922.63871280265,0.15389144077310626,0.5456564730583702,0.6601544187830682,10000,82.40694486118417,0.06690253025165635,Custom contaminant,416.3920919947785,53.63386363873428,246.72379740739947,5.793746585307526,39.63682520687121,0.001,1000.0,13.3114112847359,21.52777410544878,0.2301394719110485,60.89070214251751,6.616822278095498,39.63682520687121,1.7074640280783242,0.7,8,45.39090929394669,70.66808113121894,82.40694486118417,73.25609033831012,35.76886683867462,0.5282306069597233,4.225844855677787,75.36045336990995,Permeability model: J = A × TMP,User-provided baseline rejection,Screening-level approximation; requires experimental validation.,simple,86.74415248545702,100.0,0.0,100,100,synthetic_physics
Custom Polymer,UF,367.3390067907189,64.63821517458302,7.91080383775183,11946.76012853915,0.543692807147504,0.142232203744318,0.6859990603718135,10000,58.884141527326776,0.11035524640148922,Custom contaminant,936.7355026572443,60.10503145354412,668.7770569640733,8.07726313170464,20.292450506381932,0.001,1000.0,1.1758973784372841,15.814596072272424,0.9065292509306306,35.835449013198144,20.81963544373067,20.292450506381932,5.135727500875637,0.7,8,7.639112145515273,76.00790777065725,58.884141527326776,385.14684353583675,89.94958239270949,0.04666259441976199,0.3733007553580959,48.060084192733996,Permeability model: J = A × TMP,User-provided baseline rejection,Screening-level approximation; requires experimental validation.,simple,61.983306870870294,25.463707151717575,0.0,100,100,synthetic_physics
Custom Polymer,MF,263.319214590204,1.5164157854245393,64.07330325560824,11227.477580526815,0.43512389027743803,-0.47936628868380216,0.39238296582931487,10000,76.80016004777336,0.00709729661728606,Custom contaminant,291.7377474389066,98.9611934291865,266.4574648796229,5.91636092894421,19.642644248939447,0.001,1000.0,7.711841234468699,34.55426500367492,0.25526636069613495,39.52020081020396,15.654293821032555,19.642644248939447,3.2909883774530275,0.7,8,10.464654265217023,11.694357782636201,76.80016004777336,67.68269048605751,10.515357408040348,0.3060254460570703,2.4482035684565626,66.49998362004823,Permeability model: J = A × TMP,User-provided baseline rejection,Screening-level approximation; requires experimental validation.,simple,80.84227373449828,34.88218088405674,47.423212959798256,100,100,synthetic_physics
Custom Polymer,NF,490.0395911219138,12.847683201063603,35.0381685556802,21193.220945744295,0.23075271688998064,-0.018040323323440965,0.5638271081348789,10000,71.2400368258202,0.0445204565991173,Custom contaminant,285.83535851110327,99.21281563407308,2778.6643845717267,4.455393045936143,29.696519559883768,0.001,1000.0,9.246176628199917,34.75189076275894,0.600991098485148,71.6939300061813,2.074225385787388,29.696519559883768,3.561019329371285,0.7,8,108.31332310158615,118.79194814019098,71.2400368258202,82.20614384657812,8.820989303280557,0.3669117712538436,2.935294170030749,82.42534005360056,Permeability model: J = A × TMP,User-provided baseline rejection,Screening-level approximation; requires experimental validation.,simple,74.98951244823179,100.0,55.89505348359721,100,100,synthetic_physics
Custom Polymer,RO,492.8921216300365,19.04624955007106,13.606010511158075,73032.71459705726,0.6442046120122245,0.3445470953493204,0.7761958287599253,10000,84.6167064474493,0.02468674893193063,Custom contaminant,612.139678503722,77.68766825595324,2609.9981583409567,5.477411456102246,13.822922828156157,0.001,1000.0,15.665590782935077,13.570868906747602,0.04161018353767846,66.89101727369781,12.390791644555211,13.822922828156157,3.3336680110413774,0.7,8,219.74075893116398,298.37075140107453,84.6167064474493,94.16724369586761,26.353116751787407,0.6216504283915695,4.973203427132556,76.17457605958658,Permeability model: J = A × TMP,User-provided baseline rejection,Screening-level approximation; requires experimental validation.,simple,89.07021731310452,100.0,0.0,100,100,synthetic_physics
Custom Polymer,MF,27.310447906894368,79.46970378546918,49.48088261152158,15397.343904997786,0.3509539390743127,-0.6693897049249542,0.11288155318038662,10000,63.78776025163977,0.08467873938204762,Custom contaminant,217.90654173410465,34.36710812847671,1485.9995634737331,6.520178435098911,13.858833973638689,0.001,1000.0,0.969539583610586,2.7374776204980074,0.35667722784758865,58.91015589029921,3.5844995201378604,13.858833973638689,7.891103152007813,0.7,8,56.87813448903856,77.0490235178204,63.78776025163977,78.90883932011462,26.179292232193685,0.03847379303119912,0.30779034424959295,68.50075377691991,Permeability model: J = A × TMP,User-provided baseline rejection,Screening-level approximation; requires experimental validation.,simple,67.14501079119975,100.0,0.0,100,100,synthetic_physics
Custom Polymer,MF,360.68041156378,1.3904055976755076,3.6480394252026658,19905.80494603614,0.13928463773540953,0.06268621054061185,0.039627261458415775,10000,90.05202731597035,0.07647949999714253,Custom contaminant,730.6748230057528,75.07025509358411,1569.6154250436748,9.552177257520796,39.70722321565924,0.001,1000.0,7.312450783088009,7.167342872212443,0.3696057968613882,21.751542276070257,12.978633175951128,39.70722321565924,3.8460372523987747,0.7,8,3.7681139868412936,10.167272501532217,90.05202731597035,72.68733180169428,62.93879222501968,0.29017661860864963,2.321412948869197,56.3171576843919,Permeability model: J = A × TMP,User-provided baseline rejection,Screening-level approximation; requires experimental validation.,simple,94.79160770102142,12.560379956137647,0.0,100,100,synthetic_physics
Custom Polymer,NF,383.96191227724074,28.12807647964336,54.20999773933282,33848.544308204495,0.649472604884463,0.27907326481539263,0.008504730510610736,10000,82.9365619211504,0.029673491169654436,Custom contaminant,727.2290523010089,56.73386668454581,1264.2997653972066,8.16439857524355,35.697798576063406,0.001,1000.0,15.619125534469049,27.72358455202347,0.7254673770569344,36.04359157945652,19.042113856733526,35.697798576063406,8.307613727065899,0.7,8,249.68956399555515,439.3359575786959,82.9365619211504,124.09027903078744,43.16659957184825,0.6198065693239821,4.958452554591857,75.55557544463436,Permeability model: J = A × TMP,User-provided baseline rejection,Screening-level approximation; requires experimental validation.,simple,87.30164412752673,100.0,0.0,100,100,synthetic_physics
Custom Polymer,UF,77.27398006943538,24.56510459980068,27.72888499756668,17025.13103871811,0.3747745048281945,-0.6139335771007755,0.5955393109266095,10000,55.07061060059104,0.04413827718887967,Custom contaminant,668.8654394868931,39.85451231333492,1322.2419513748823,8.787551517750336,39.535346598729596,0.001,1000.0,11.388342108433415,4.87429140171678,0.11187394448139956,77.6375541522062,16.462020449589083,39.535346598729596,7.549444271504812,0.7,8,135.27529335375453,279.75581511198146,55.07061060059104,300.5171578651343,51.64522556944664,0.45191833799778136,3.615346703982251,65.28917232653353,Permeability model: J = A × TMP,User-provided baseline rejection,Screening-level approximation; requires experimental validation.,simple,57.96906379009583,100.0,0.0,100,100,synthetic_physics
Custom Polymer,MF,98.01262483062511,45.387853921651434,80.0099633243172,86703.11481273628,0.2661348603224605,0.19192358166764123,0.15710190273845337,10000,97.81801596877541,0.0415696219039107,Custom contaminant,729.3687773178577,23.111294422685436,1886.5564343477708,7.955585842135939,19.85284310364258,0.001,1000.0,16.412910535435813,44.383174014125075,0.8565192309514551,29.8098664598538,17.991996086797368,19.85284310364258,5.638958473205319,0.7,8,352.62046648485335,744.9467858114945,97.81801596877541,15.914710249813636,52.665012696077,0.6513059741494501,5.210447793195601,80.0,Permeability model: J = A × TMP,User-provided baseline rejection,Screening-level approximation; requires experimental validation.,simple,100.0,100.0,0.0,100,100,synthetic_physics
Custom Polymer,NF,300.3878790010857,48.26508344058772,60.42585364891829,13997.588724557123,0.3861930631822187,-0.644656476024108,0.28010553097142576,10000,56.37794534251448,0.035811862757192905,Custom contaminant,784.1099632298387,54.983646217767024,168.5650436854815,8.731146902812693,37.28405187788472,0.001,1000.0,17.632499660496226,41.327827260792766,0.9922942783729275,48.98014666534497,23.120809270100263,37.28405187788472,9.493557901764133,0.7,8,371.8360054582856,851.034067379985,56.37794534251448,342.04487673490985,56.307741404168546,0.6997023680397709,5.597618944318167,65.77082196829481,Permeability model: J = A × TMP,User-provided baseline rejection,Screening-level approximation; requires experimental validation.,simple,59.34520562369945,100.0,0.0,100,100,synthetic_physics
Custom Polymer,UF,433.0825404673767,79.45479389031894,77.80407896270748,89679.93674354623,0.3689330069442154,-0.19989006822523625,0.6400523092036364,10000,86.81644643693568,0.1325618798853541,Custom contaminant,877.086867452689,72.13396243862599,2874.9890556824157,5.071771713677453,38.51019541540259,0.001,1000.0,1.4709913442657072,28.225472178403994,0.09929498743804102,47.60007313986023,9.667578242709407,38.51019541540259,0.90793337187363,0.7,8,32.44584660177608,116.87731407307496,86.81644643693568,115.63121696522822,72.23939747495392,0.05837267243819446,0.4669813795055557,76.98500658202893,Permeability model: J = A × TMP,User-provided baseline rejection,Screening-level approximation; requires experimental validation.,simple,91.38573309151124,100.0,0.0,100,100,synthetic_physics
Custom Polymer,UF,327.5772344618523,73.38860196266134,18.24435594837815,69596.4535712225,0.22533328440341305,-0.725207101369447,0.14736326652474574,10000,79.89401560082132,0.11792466717835745,Custom contaminant,600.9247644590755,80.9351453018245,1815.2842891040707,8.78392748409092,39.29567503399902,0.001,1000.0,7.941004197770847,8.347166669417842,0.1440428435879081,49.81081974924486,13.356922047600536,39.29567503399902,1.9239302475661046,0.7,8,120.62635472685803,582.7791962540275,79.89401560082132,120.82183939294293,79.30153383953702,0.31511921444935126,2.52095371559481,74.43463732661837,Permeability model: J = A × TMP,User-provided baseline rejection,Screening-level approximation; requires experimental validation.,simple,84.09896379033823,100.0,0.0,100,100,synthetic_physics
Custom Polymer,UF,478.80670054255233,26.068348667226868,21.481410159205634,21785.22430460095,0.37119507078395164,0.7064543505978926,0.5959606099411179,10000,53.37091624346023,0.07358196734994975,Custom contaminant,99.42836619781166,40.62141140084401,1270.2084126796194,7.890115994257874,26.48361900889303,0.001,1000.0,17.520144690313902,1.7974839506081448,0.7762588338737026,6.6993755716881305,7.650810969194601,26.48361900889303,8.808665067977678,0.7,8,260.1117912089666,456.7212404873663,53.37091624346023,46.36253615213667,43.04801963416418,0.6952438374734135,5.561950699787308,64.66296914232746,Permeability model: J = A × TMP,User-provided baseline rejection,Screening-level approximation; requires experimental validation.,simple,56.1799118352213,100.0,0.0,100,100,synthetic_physics
Custom Polymer,RO,348.30294412178966,18.027671158248186,49.587669867082354,72329.46600730959,0.7561403249376706,0.26864239843640747,0.024675411432927286,10000,74.93512279884456,0.02717943767977002,Custom contaminant,57.30175497017211,59.85106346815843,2353.073517280231,4.216363332978426,33.50767812896558,0.001,1000.0,14.186480020267872,37.84735752024971,0.25228108898854346,34.51965916200719,3.3141444393696458,33.50767812896558,2.4650204073212185,0.7,8,233.71926703768278,255.74919669844726,74.93512279884456,14.362614517380626,8.613880295678843,0.5629555568102007,4.503644454481606,83.9937965249481,Permeability model: J = A × TMP,User-provided baseline rejection,Screening-level approximation; requires experimental validation.,simple,78.8790766303627,100.0,56.93059852160578,100,100,synthetic_physics
Custom Polymer,NF,166.5239533730252,18.32894892158437,19.68246800904319,90196.30477931994,0.6487255303709241,-0.3110445930171253,0.9476435394809607,10000,61.922243368336964,0.06398896575025735,Custom contaminant,815.390058320225,44.288637020362664,780.4134364336234,6.21121280572893,25.021632171240448,0.001,1000.0,12.488758796474679,20.87471847949464,0.4369912878087745,24.79577096010689,13.080661512809174,25.021632171240448,2.2726167143185094,0.7,8,99.1161763010692,228.9058220745719,61.922243368336964,310.4822420059506,56.70001950899284,0.4955856669232416,3.9646853353859326,67.81345808307151,Permeability model: J = A × TMP,User-provided baseline rejection,Screening-level approximation; requires experimental validation.,simple,65.18130880877575,100.0,0.0,100,100,synthetic_physics
Custom Polymer,UF,435.0878468729572,74.98933995636385,41.61761985300422,74849.17077976835,0.10489715926656112,-0.31102155471520687,0.44030114814678856,10000,73.4429455265303,0.11356606426799913,Custom contaminant,963.1793532860967,37.999713044280305,1116.7395636308365,7.663091359482377,18.437608425747367,0.001,1000.0,2.9987366095407473,48.11550265411774,0.8114346572409319,76.88746647680959,5.6190726490720415,18.437608425747367,0.2763112281997388,0.7,8,118.79520851417719,224.873279052445,73.4429455265303,255.79206552940195,47.17237680939773,0.11899748460078322,0.9519798768062657,72.057927299248,Permeability model: J = A × TMP,User-provided baseline rejection,Screening-level approximation; requires experimental validation.,simple,77.30836371213715,100.0,0.0,100,100,synthetic_physics
Custom Polymer,NF,467.4683918658748,14.694208548304132,12.60136676062524,7360.802032461284,0.6355125992523823,0.5718530676670779,0.695376055663464,10000,52.65926307160457,0.10987680869320454,Custom contaminant,454.1425203770703,15.789442193660497,955.865430405346,7.006881039597766,19.88954416809043,0.001,1000.0,19.401034689483527,24.262345343652765,0.3784290051496222,55.48740717260275,15.787808836113998,19.88954416809043,0.12414887601214745,0.7,8,50.303053842419935,285.0828497801539,52.65926307160457,214.99441585169347,82.35493510703576,0.769882329563665,6.15905863650932,64.40078113164378,Permeability model: J = A × TMP,User-provided baseline rejection,Screening-level approximation; requires experimental validation.,simple,55.430803233267966,100.0,0.0,100,100,synthetic_physics
Custom Polymer,UF,313.05211216736404,25.133128502134337,38.14813051720424,70781.71462811701,0.49017035470748704,-0.26268971168980615,0.16741035183712405,10000,75.22356114366289,0.051308073408544465,Custom contaminant,913.7985303239943,53.43466402890507,2611.295583094196,6.341086170901068,34.82311491363882,0.001,1000.0,1.3194306630071568,15.607832252832733,0.08739417371425239,7.373763553615543,22.093262765093293,34.82311491363882,7.19700056955683,0.7,8,10.67414451075502,33.16142040301518,75.22356114366289,226.4067341358316,67.81155818710202,0.05235835968502783,0.41886687748022267,56.6090640048734,Permeability model: J = A × TMP,User-provided baseline rejection,Screening-level approximation; requires experimental validation.,simple,79.18269594069778,35.580481702516735,0.0,100,100,synthetic_physics
Custom Polymer,UF,270.92147661179814,57.385849585467355,64.2303477572589,82744.68957664027,0.5178219890568698,0.4971615262217648,0.2809780518297349,10000,98.74041071704197,0.009625095223369195,Custom contaminant,392.7108293245423,88.2049551503704,623.5165917899515,4.848028557601948,20.962923006997407,0.001,1000.0,8.678255070233185,46.73630897242466,0.8377583393617328,39.80672282678856,23.36491487071767,20.962923006997407,6.458556201174737,0.7,8,397.71222826613587,498.00904012472097,98.74041071704197,4.946543519187532,20.139556469389962,0.34437520147522976,2.755001611801838,80.0,Permeability model: J = A × TMP,User-provided baseline rejection,Screening-level approximation; requires experimental validation.,simple,100.0,100.0,0.0,100,100,synthetic_physics
Custom Polymer,NF,438.0927786711267,25.35964106819572,49.4074433556983,3456.8627289651126,0.10621613528651419,0.410906441878929,0.11829362246560071,10000,77.3356310318298,0.1059210849204529,Custom contaminant,41.91224036734287,44.874139914568204,2084.0406172589355,9.3383859271291,18.976903018049693,0.001,1000.0,19.48948728774974,42.38253348332517,0.6541287213610358,34.394413043459835,17.211093840688218,18.976903018049693,8.180313363796499,0.7,8,79.83934678987457,494.2464022204967,77.3356310318298,9.499144799680957,83.84624623847922,0.7733923533071957,6.1871388264575655,73.49207459067414,Permeability model: J = A × TMP,User-provided baseline rejection,Screening-level approximation; requires experimental validation.,simple,81.40592740192612,100.0,0.0,100,100,synthetic_physics
Custom Polymer,NF,496.48673180444433,90.95331760570926,49.064642593949344,72421.57661965182,0.4668062262331474,0.5218611043940524,0.8269822038779814,10000,51.15880550233642,0.016474144306594142,Custom contaminant,343.10274171795976,91.76136326323495,1254.99339111583,9.325073291211545,23.87301737895259,0.001,1000.0,5.919287822169154,45.13161397006226,0.5650640612294907,32.0363221272531,1.5435645852536948,23.87301737895259,1.1982380112374167,0.7,8,524.8610795382931,538.3788652893581,51.15880550233642,167.57547740928504,2.51083142793872,0.23489237408351524,1.879138992668122,81.33714954660627,Permeability model: J = A × TMP,User-provided baseline rejection,Screening-level approximation; requires experimental validation.,simple,53.851374212985704,100.0,87.4458428603064,100,100,synthetic_physics
Custom Polymer,UF,78.26206054434995,37.11879275065002,61.12596261869005,31105.21638498202,0.14586934363536014,-0.4703825253653324,0.40868165089961017,10000,99.51426944074923,0.0619831011888861,Custom contaminant,98.30346455996953,58.111481447393345,2766.9562106162402,8.7201741931705,35.0865492756171,0.001,1000.0,18.57898956282614,32.19063166589136,0.9949735033469637,7.49611774097381,20.11873238937371,35.0865492756171,8.58440562827039,0.7,8,198.17159719666392,689.6296630990335,99.51426944074923,0.4774899681700158,71.26405550681689,0.7372614911781482,5.898091929425186,80.0,Permeability model: J = A × TMP,User-provided baseline rejection,Screening-level approximation; requires experimental validation.,simple,100.0,100.0,0.0,100,100,synthetic_physics
Custom Polymer,NF,244.30303424156605,78.9878364384394,20.3129595129968,60511.45740523233,0.35105160665442303,0.19234730132395095,0.6755605071583003,10000,67.31872647063433,0.03635455339891643,Custom contaminant,328.4710297707414,66.39572451074426,2062.9352776511505,8.447901616144593,13.79609825718118,0.001,1000.0,16.40664432703834,34.719242275506815,0.040200025923732785,30.16983870762881,11.467714513802212,13.79609825718118,3.6701131548294668,0.7,8,854.1242085658382,1295.9253386077542,67.31872647063433,107.34851570410014,34.09155735133277,0.6510573150858594,5.208458520686875,69.80163606812843,Permeability model: J = A × TMP,User-provided baseline rejection,Screening-level approximation; requires experimental validation.,simple,70.86181733750982,100.0,0.0,100,100,synthetic_physics
Custom Polymer,RO,67.53427522212243,21.527282165995697,3.4315780961031215,9761.177554580001,0.28641008240718135,0.6399405312714612,0.5266375099372003,10000,71.1824447454862,0.10101362687398961,Custom contaminant,546.0954547217551,13.151392675562622,745.6077550901498,5.3351341659436455,27.998575378370266,0.001,1000.0,9.340162450549059,19.99166806548183,0.5610727811529701,77.75868393369178,7.883546217313104,27.998575378370266,5.249934792971821,0.7,8,90.67658070925087,201.0683125492074,71.1824447454862,157.3713594068302,54.90260023589764,0.3706413673817932,2.9651309390543457,71.22511122202123,Permeability model: J = A × TMP,User-provided baseline rejection,Screening-level approximation; requires experimental validation.,simple,74.92888920577494,100.0,0.0,100,100,synthetic_physics
Custom Polymer,MF,361.1550855554639,73.29873653030869,73.17800141989102,20551.198203905107,0.41436519545283146,0.6223493820582751,0.38153017054064375,10000,99.11433035276745,0.057894077559868876,Custom contaminant,502.69015906854855,47.452559480254685,1357.6250271608033,9.07378820991773,14.658257126440406,0.001,1000.0,11.439761186996863,31.31147729041576,0.8527090949886771,50.69001199445813,23.060478173012847,14.658257126440406,8.734460351383197,0.7,8,220.6490367802401,838.5200412153345,99.11433035276745,4.4521741584951355,73.6858958719179,0.45395877762494735,3.631670220999579,80.0,Permeability model: J = A × TMP,User-provided baseline rejection,Screening-level approximation; requires experimental validation.,simple,100.0,100.0,0.0,100,100,synthetic_physics
Custom Polymer,UF,180.88257469283843,86.13073808379261,95.88930359525212,26091.119501996338,0.527146164665086,-0.43639217531572894,0.6495672790822176,10000,54.672775946896394,0.11145726317101334,Custom contaminant,425.6216303093894,58.730717867643676,175.0009673181446,8.172648731261969,24.879740624057302,0.001,1000.0,12.579969952219272,16.46773064643253,0.15436197168720026,37.65717064971065,22.68350935022954,24.879740624057302,2.355160863872673,0.7,8,86.46419033215741,1083.5220970565792,54.672775946896394,192.92246998880927,92.02008057177237,0.49920515723346226,3.993641257867698,65.14260166464604,Permeability model: J = A × TMP,User-provided baseline rejection,Screening-level approximation; requires experimental validation.,simple,57.55029047041725,100.0,0.0,100,100,synthetic_physics
Custom Polymer,MF,34.42333657692528,72.09187874142592,24.605281493347814,45425.94749281858,0.35742717041634187,-0.774319313365289,0.3455819525117757,10000,67.47123541882996,0.08070531765931398,Custom contaminant,972.6280176105874,47.00175225106303,2751.8358513346384,6.769345951375332,13.226299026248185,0.001,1000.0,4.757027326463616,20.968366126822414,0.3321150852404829,69.93719656493687,16.448171651618956,13.226299026248185,5.825253673994867,0.7,8,90.93176980987828,342.9430371890645,67.47123541882996,316.383878099049,73.4848765103379,0.18877092580433485,1.5101674064346788,69.85782357535841,Permeability model: J = A × TMP,User-provided baseline rejection,Screening-level approximation; requires experimental validation.,simple,71.02235307245259,100.0,0.0,100,100,synthetic_physics
Custom Polymer,NF,250.70248010597837,40.329791210617614,61.607051543369124,12898.412961715909,0.213773231751834,-0.3937672932066001,0.1711846164610744,10000,83.78722607933835,0.008591406603905567,Custom contaminant,168.5757167500826,90.26081094988034,2992.875129844052,6.925542866968558,24.861102190652748,0.001,1000.0,15.513295492301276,2.7732893034081783,0.4327512670819683,12.487091136121986,9.92176999242742,24.861102190652748,9.83983622717586,0.7,8,574.5263151546477,625.6479681931258,83.78722607933835,27.330799841825844,8.170993216219935,0.6156069644726949,4.924855715781559,87.69798481300998,Permeability model: J = A × TMP,User-provided baseline rejection,Screening-level approximation; requires experimental validation.,simple,88.19708008351405,100.0,59.145033918900324,100,100,synthetic_physics
Custom Polymer,MF,492.6724790857568,74.85881394138957,61.20289710885225,75544.97287626071,0.5613641710796894,-0.07186794019618326,0.29254633400521,10000,75.95688516078431,0.04248155371570742,Custom contaminant,491.80958297772384,14.613540592108599,1739.6457870131183,5.471702144872628,18.80824311824709,0.001,1000.0,10.08075720729129,8.963786398057456,0.9627560847995599,38.52082365446571,8.77856189622865,18.80824311824709,0.3890463904165512,0.7,8,519.7278397744699,754.6335281689406,75.95688516078431,118.2463428256019,31.128445745639088,0.4000300482284086,3.2002403858272688,72.9841155855521,Permeability model: J = A × TMP,User-provided baseline rejection,Screening-level approximation; requires experimental validation.,simple,79.95461595872032,100.0,0.0,100,100,synthetic_physics
Custom Polymer,RO,423.19463792499414,62.95755761533205,42.22411032928843,24930.513534178335,0.6215961930727697,0.8909491514833343,0.3808097056520202,10000,56.73031581212364,0.02083323835454692,Custom contaminant,16.298352610547052,74.39554407717219,2946.0466191148444,9.956906516521409,33.525917630287765,0.001,1000.0,3.411238810261663,48.90776333974296,0.3345353085719314,30.021470711940776,16.652418392972315,33.525917630287765,0.5855869520370687,0.7,8,151.80738630973926,214.7632639367054,56.73031581212364,7.052245702410211,29.31408122271805,0.1353666195631212,1.0829329565049697,65.9006426676245,Permeability model: J = A × TMP,User-provided baseline rejection,Screening-level approximation; requires experimental validation.,simple,59.716121907498575,100.0,0.0,100,100,synthetic_physics
Custom Polymer,RO,498.6756654789946,77.73190803090182,78.38597262952598,39336.210221371824,0.14614497231095985,0.5853348684688466,0.5971580869048005,10000,95.37600058719201,0.021814620524190715,Custom contaminant,312.0718324631672,36.06561537233864,2081.511154779605,8.72647097861893,38.83061225753261,0.001,1000.0,6.049061734818258,25.188184019648116,0.03867132078048542,23.97409085816659,9.289082440811548,38.83061225753261,5.978681444601937,0.7,8,383.9572415444283,470.20511044414025,95.37600058719201,14.430199700635981,18.342605595725036,0.24004213252609158,1.9203370602087326,81.65739440427497,Permeability model: J = A × TMP,User-provided baseline rejection,Screening-level approximation; requires experimental validation.,simple,100.0,100.0,8.286972021374817,100,100,synthetic_physics
Custom Polymer,RO,240.7142918635953,37.083030917922734,62.78371868640481,82947.25987314153,0.2691767930893525,-0.3142482414791754,0.7049236496870199,10000,88.81923587805066,0.12468254640152385,Custom contaminant,217.23790670805838,53.92669612444156,2710.032185723325,6.351702730548951,22.89649270664667,0.001,1000.0,19.69949428923358,6.539579655592766,0.7085459695670197,68.76380952806689,4.043647640899409,22.89649270664667,7.17308703647165,0.7,8,441.23612258559587,730.5169557950912,88.81923587805066,24.288857932488366,39.59946869332327,0.7817259644838562,6.25380771587085,77.72287637612392,Permeability model: J = A × TMP,User-provided baseline rejection,Screening-level approximation; requires experimental validation.,simple,93.49393250321121,100.0,0.0,100,100,synthetic_physics
Custom Polymer,MF,427.9165334905752,90.8377793667547,87.37600541230276,6906.32118911177,0.629798693770482,0.8430551499716588,0.621348440670931,10000,79.98371541787667,0.011525781172726094,Custom contaminant,857.472691983879,4.640356082916153,1009.1778585155545,9.555178391723294,38.49235428188537,0.001,1000.0,19.839630701423268,24.343711995031423,0.18565525091720073,41.59583651218129,2.9043537394516568,38.49235428188537,8.738107478802702,0.7,8,1742.858418494907,1802.1879963737797,79.98371541787667,171.63417424148707,3.2920859531997193,0.7872869332259911,6.298295465807929,91.17559867443904,Permeability model: J = A × TMP,User-provided baseline rejection,Screening-level approximation; requires experimental validation.,simple,84.1933846503965,100.0,83.5395702340014,100,100,synthetic_physics
Custom Polymer,UF,284.6632443005874,41.046084017508775,8.873539545599636,40821.44734325473,0.7063341258730763,0.40681186495442545,0.08245551751096658,10000,57.97936926633618,0.06188473115258816,Custom contaminant,110.36133185905948,93.4041191993271,1991.64692942954,4.56893800782367,33.64172387141382,0.001,1000.0,7.49443738572447,12.99866158310782,0.5742850925202941,6.002909984040598,11.436845012449993,33.64172387141382,8.453669431642178,0.7,8,151.57649583822823,307.6173065984054,57.97936926633618,46.37452773324867,50.72562804923344,0.2973983091952389,2.3791864735619113,66.36082025601858,Permeability model: J = A × TMP,User-provided baseline rejection,Screening-level approximation; requires experimental validation.,simple,61.03091501719597,100.0,0.0,100,100,synthetic_physics
Custom Polymer,NF,177.8518051640555,64.6012222283394,23.455520398514523,56241.200562978556,0.27781940830723234,0.14271301725490582,0.17172211729323095,10000,96.9675045823611,0.1336030340790573,Custom contaminant,343.5490669543515,77.66628889249426,376.9619791233642,8.442165452232544,18.473773888381125,0.001,1000.0,2.885707019782074,34.23136967727707,0.47510874964119537,44.76047012978329,12.73244992724114,18.473773888381125,0.6885350228495934,0.7,8,34.01866438392295,186.42020047082073,96.9675045823611,10.418109712731916,81.75162117731564,0.11451218341629522,0.9160974673303618,80.0,Permeability model: J = A × TMP,User-provided baseline rejection,Screening-level approximation; requires experimental validation.,simple,100.0,100.0,0.0,100,100,synthetic_physics
Custom Polymer,RO,35.176322055411745,60.515582890861594,62.762599593186245,5193.868373253902,0.36490753232147244,0.2257025591208548,0.6566806557530763,10000,91.33096038789992,0.06600618112154773,Custom contaminant,552.7752033354991,57.856037560881724,1004.9313215709251,4.32295241464967,10.12677778615314,0.001,1000.0,16.75528323914679,10.811359303596932,0.6339521175175442,48.27856089829397,9.891377303402196,10.12677778615314,8.351583756136273,0.7,8,527.8026707890683,1013.9557317184516,91.33096038789992,47.920301343021194,47.94618203947142,0.6648921925615484,5.319137540492387,78.64824856396312,Permeability model: J = A × TMP,User-provided baseline rejection,Screening-level approximation; requires experimental validation.,simple,96.13785303989465,100.0,0.0,100,100,synthetic_physics
Custom Polymer,RO,21.143317085194738,77.89271326231179,51.19288298217447,35028.419263743264,0.6088192595581745,0.37213125929253876,0.31058823786894907,10000,99.0536396877443,0.09906273057320422,Custom contaminant,609.7219153293547,6.988036348177207,910.0244629997386,6.681844013958649,28.918771129290292,0.001,1000.0,10.352719888461479,38.38861374009817,0.26994203534322286,57.66177464618632,19.69003060194232,28.918771129290292,7.673994758271237,0.7,8,114.66713909487045,806.4014417569624,99.0536396877443,5.77016622180232,85.78039011871839,0.4108222181247483,3.2865777449979863,80.0,Permeability model: J = A × TMP,User-provided baseline rejection,Screening-level approximation; requires experimental validation.,simple,100.0,100.0,0.0,100,100,synthetic_physics
Custom Polymer,NF,387.7148264481364,88.96219866895437,9.33367570556846,69870.56135172326,0.7780747407815227,0.14730129974907635,0.2173163119843926,10000,99.83781490813323,0.030328207459114444,Custom contaminant,342.20212040111073,17.20621884171678,1447.087319375198,6.51325605766575,24.737226895317185,0.001,1000.0,18.574071321097506,24.43789490587703,0.5194800629515077,71.5011579438851,19.71731285934856,24.737226895317185,2.473248109131898,0.7,8,908.6748993230026,1652.390222958804,99.83781490813323,0.5550008233425877,45.00845582976698,0.7370663228554273,5.896530582843418,80.0,Permeability model: J = A × TMP,User-provided baseline rejection,Screening-level approximation; requires experimental validation.,simple,100.0,100.0,0.0,100,100,synthetic_physics
Custom Polymer,RO,318.454800179005,84.64013255991449,55.732161148429604,21512.103541278095,0.6189485634727148,0.3390785652225399,0.5650325374085529,10000,93.08047508364709,0.11871514117615975,Custom contaminant,671.2725705085526,66.47586690232184,2020.3876394649972,7.150988469499383,23.91764933931541,0.001,1000.0,14.250089098074648,30.914229592041323,0.49508075667753765,14.49960154332812,16.99532653334939,23.91764933931541,6.495385848721857,0.7,8,160.38370567748223,1206.1294302516305,93.08047508364709,46.448872772981986,86.70261236855634,0.5654797265664571,4.5238378125316565,79.29280660976471,Permeability model: J = A × TMP,User-provided baseline rejection,Screening-level approximation; requires experimental validation.,simple,97.97944745647061,100.0,0.0,100,100,synthetic_physics
Custom Polymer,MF,177.70172872701676,36.2759934552926,25.425516029389975,96210.56800831937,0.7021409540081058,0.12209805882443359,0.40165314655851425,10000,86.76758065845152,0.08152058553826959,Custom contaminant,976.0925235759628,5.512261392215456,199.42862875507785,7.41166610784024,16.0983766806672,0.001,1000.0,12.16522243829381,39.28972839881169,0.1467286635730241,38.0456168142146,16.683676461059846,16.0983766806672,8.355249349662415,0.7,8,113.25867618197255,441.30552955372497,86.76758065845152,129.1606558810743,74.33554111671643,0.4827469225407139,3.861975380325711,76.96700340048214,Permeability model: J = A × TMP,User-provided baseline rejection,Screening-level approximation; requires experimental validation.,simple,91.33429542994898,100.0,0.0,100,100,synthetic_physics
Custom Polymer,UF,111.01525758395059,58.99412630297766,45.99718980377495,77306.57998694634,0.4889032449420636,-0.4411543100591384,0.7543929197211882,10000,75.8355759468018,0.030744250080357485,Custom contaminant,567.4415999105746,94.83200598458728,2145.9971567194348,5.792820168747873,31.32619525878574,0.001,1000.0,5.7956049578431434,27.59175303952183,0.5313298061496773,23.554315918385274,8.675208197175724,31.32619525878574,9.427596402381852,0.7,8,261.8639198284046,341.9066508851619,75.8355759468018,137.11899445664363,23.41069729106898,0.22998432390792176,1.839874591263374,72.93942271724276,Permeability model: J = A × TMP,User-provided baseline rejection,Screening-level approximation; requires experimental validation.,simple,79.82692204926505,100.0,0.0,100,100,synthetic_physics
Custom Polymer,UF,132.79328284356245,80.3016773194676,67.06968742120186,53496.59868631357,0.19626040862561445,-0.5908584945872444,0.17897762359040392,10000,79.28103352279024,0.1461405635241793,Custom contaminant,878.4668701472448,2.525188292957725,893.8072109408049,4.943544753622133,39.27033525693705,0.001,1000.0,4.865082645036738,10.864346066900902,0.6246665406464367,46.713993768108985,5.80750986885902,39.27033525693705,6.736612158918698,0.7,8,167.19510888761968,390.6742966942821,79.28103352279024,182.0092563392015,57.20345302919777,0.19305883527495254,1.5444706821996204,74.20880182418588,Permeability model: J = A × TMP,User-provided baseline rejection,Screening-level approximation; requires experimental validation.,simple,83.45371949767394,100.0,0.0,100,100,synthetic_physics
Custom Polymer,RO,19.49084235513716,9.159064279928335,37.12195437160149,97514.12462354433,0.4830728991665547,0.5094522060309343,0.32149575223155935,10000,85.89501936761812,0.14509627372774184,Custom contaminant,364.1832813792327,99.9059434735025,1951.3888579918316,8.491548474788342,17.565017165444498,0.001,1000.0,12.933197229709384,26.039306321656984,0.9568386190226617,72.85062858421367,9.821806074739314,17.565017165444498,9.47401054022851,0.7,8,28.48660544269151,118.45598477189932,85.89501936761812,51.367981304913584,75.95173810969048,0.5132221127006327,4.105776901605061,75.38437132013732,Permeability model: J = A × TMP,User-provided baseline rejection,Screening-level approximation; requires experimental validation.,simple,90.41580986065065,94.95535147563837,0.0,100,100,synthetic_physics
Custom Polymer,MF,443.55815084750475,59.44800118654478,9.129672970164489,16498.628945624005,0.15381197127166016,-0.7840137707018779,0.9769523743930777,10000,60.587148230886,0.10517391443939614,Custom contaminant,640.162975105942,63.11448648530038,699.4415988284865,7.476079566307657,28.766150487548547,0.001,1000.0,11.494025269573198,10.121960896508254,0.7258299911039618,10.493237143738327,14.393200277761114,28.766150487548547,4.418967390773002,0.7,8,150.3761985810037,683.2968278637632,60.587148230886,252.30648445925507,77.99255134095458,0.456112114236842,3.648896913894736,67.32158092716853,Permeability model: J = A × TMP,User-provided baseline rejection,Screening-level approximation; requires experimental validation.,simple,63.77594550619578,100.0,0.0,100,100,synthetic_physics
Custom Polymer,MF,405.620604622808,18.413364100546204,93.36519422989714,88514.22031795811,0.35241128301345814,-0.3896941382828134,0.13748668341890213,10000,95.7247580151044,0.09599211952937443,Custom contaminant,41.46574632196912,51.09994145616105,348.816948705222,7.442504109717051,25.268851549624372,0.001,1000.0,1.8403517009538959,40.97716906272187,0.2696940053946149,45.611327312502425,15.517413600817559,25.268851549624372,9.626814882394148,0.7,8,7.640659984199703,33.88706594272361,95.7247580151044,1.7727609961071293,77.4525773428893,0.07302982946135624,0.5842386356908499,61.36721665349975,Permeability model: J = A × TMP,User-provided baseline rejection,Screening-level approximation; requires experimental validation.,simple,100.0,25.468866613999015,0.0,100,100,synthetic_physics
Custom Polymer,UF,251.9677295111245,91.81426145650443,36.13087679342219,85815.0015641745,0.26507835886599174,0.41495952487083554,0.08861199375499651,10000,99.20391279851461,0.14332077798004336,Custom contaminant,447.79150213220396,52.39352179902536,1833.547100722264,5.65022535813802,30.234143056154878,0.001,1000.0,14.031526542769416,26.728748123938505,0.15626328556036553,73.93894579187,3.203559435121959,30.234143056154878,6.328804470234063,0.7,8,813.9815520201885,1288.294246631713,99.20391279851461,3.5648108378136794,36.81710881280657,0.5568066092855015,4.454452874284012,80.0,Permeability model: J = A × TMP,User-provided baseline rejection,Screening-level approximation; requires experimental validation.,simple,100.0,100.0,0.0,100,100,synthetic_physics
Custom Polymer,MF,81.58934747513209,3.033293088854071,36.97304430181919,64138.46515999277,0.4650809538130104,0.34907830249697147,0.6750188608709529,10000,56.99466982531251,0.013313923496148756,Custom contaminant,629.1045590303231,65.32243049752427,1714.440831910943,5.474574797944424,34.322956509467616,0.001,1000.0,1.6985831068258903,31.983277676746606,0.12920742052057843,54.08357873249222,10.316556013852166,34.322956509467616,7.209220248832946,0.7,8,4.491063156034082,5.152300398779249,56.99466982531251,270.5484927550022,12.83382550640556,0.0674040915946332,0.5392327327570656,51.906763375053764,Permeability model: J = A × TMP,User-provided baseline rejection,Screening-level approximation; requires experimental validation.,simple,59.99438928980264,14.970210520113609,35.8308724679722,100,100,synthetic_physics
Custom Polymer,MF,35.57417921369799,55.95321585955643,15.342911989127883,68396.97234524213,0.1839689419181777,-0.8528333540961484,0.7131227981836126,10000,53.17024353495729,0.03755696860006983,Custom contaminant,826.4878451544154,80.96883078082263,2576.9646975642504,5.956599337532282,25.84144086250628,0.001,1000.0,15.512277581601808,7.712290235542943,0.727146970423561,12.311476204599096,21.96138930273139,25.84144086250628,6.409370806865096,0.7,8,380.4461011023393,867.9618159967239,53.17024353495729,387.04224509899205,56.16787581082077,0.6155665711909377,4.924532569527502,64.58903709182637,Permeability model: J = A × TMP,User-provided baseline rejection,Screening-level approximation; requires experimental validation.,simple,55.968677405218195,100.0,0.0,100,100,synthetic_physics
Custom Polymer,RO,247.51733478691045,18.95484273664613,35.24581987301072,72848.80469905633,0.478660534598072,0.05861240820052571,0.1952458945455794,10000,84.44907936648883,0.061844915653895785,Custom contaminant,190.9258050541488,94.37847515963293,1569.7163659102548,7.168219885074192,39.44115730644418,0.001,1000.0,7.45484151597577,47.20801354356003,0.6979761075241252,52.48217245585999,6.008830095648294,39.44115730644418,0.6123811566391221,0.7,8,97.44689384076146,141.30534856194134,84.44907936648883,29.690720412862934,31.038071217774522,0.2958270445214144,2.366616356171315,76.11281871396957,Permeability model: J = A × TMP,User-provided baseline rejection,Screening-level approximation; requires experimental validation.,simple,88.89376775419878,100.0,0.0,100,100,synthetic_physics
Custom Polymer,UF,224.514080759718,2.006925237576784,8.02924856626796,59735.01219159011,0.6071302831511193,-0.6641033361514461,0.7325004126737739,10000,97.39131874707812,0.11276053170529851,Custom contaminant,786.8680673792826,70.07125802683719,751.7385773187784,6.165339652935016,38.47800888309452,0.001,1000.0,13.29196946360835,39.66221196276954,0.9690076726562306,22.35776903844993,8.059636682174007,38.47800888309452,6.483536363061546,0.7,8,10.750528904605178,26.675988973615546,97.39131874707812,20.52687975895209,59.69960508216503,0.5274591061207113,4.219672848965691,63.95877408717098,Permeability model: J = A × TMP,User-provided baseline rejection,Screening-level approximation; requires experimental validation.,simple,100.0,35.835096348683926,0.0,100,100,synthetic_physics
Custom Polymer,UF,289.8973478935158,81.06014957193538,61.43389400858839,29891.631747663032,0.6068728583352432,-0.7079367506401089,0.8947734692785168,10000,55.03566004891873,0.13020621439555305,Custom contaminant,502.8313334588702,42.86470034878018,1551.919105668751,5.201237818557527,23.730567386764406,0.001,1000.0,17.02445235479344,40.24680686872115,0.17141804914641598,55.506573359679635,20.635675726687495,23.730567386764406,8.215699127326213,0.7,8,93.96749578328009,1380.0046542598438,55.03566004891873,226.09479015700143,93.19078414024054,0.6755735066830557,5.404588053464446,65.27629580749637,Permeability model: J = A × TMP,User-provided baseline rejection,Screening-level approximation; requires experimental validation.,simple,57.93227373570392,100.0,0.0,100,100,synthetic_physics
Custom Polymer,MF,218.5598972156189,5.761191194265467,93.18577287440117,39890.56902688216,0.3526836460794407,0.5190298889576259,0.26397221549202254,10000,91.65392136604788,0.016027476318800766,Custom contaminant,743.3040887090488,96.57894904415316,2987.729510935103,9.542826160384998,36.12287216218928,0.001,1000.0,5.721828444263059,48.36576976885844,0.9286176278762093,45.077938026888994,9.94882487825147,36.12287216218928,1.1817458102260636,0.7,8,28.105860551637985,32.96454764818601,91.65392136604788,62.036743733038385,14.73912867970264,0.2270566844777985,1.816453475822388,82.449655967487,Permeability model: J = A × TMP,User-provided baseline rejection,Screening-level approximation; requires experimental validation.,simple,96.47781196426092,93.68620183879328,26.304356601486802,100,100,synthetic_physics
Custom Polymer,MF,353.26751477587686,40.99566173497137,41.196926502422656,57544.48337607323,0.11944886713501326,0.915731792773498,0.2899057070967094,10000,57.03045400226712,0.005795817439515608,Custom contaminant,858.3226259718562,86.32073757996692,376.38915310135934,4.913447817332806,23.43706693773304,0.001,1000.0,3.876942626713049,37.05523570500109,0.06745934824866512,46.22819992893995,9.495601780176747,23.43706693773304,4.70297018855329,0.7,8,150.4270630131008,158.93782849061955,57.03045400226712,368.8173355759255,5.354776492382407,0.15384692975454775,1.230775438036382,80.65644340318968,Permeability model: J = A × TMP,User-provided baseline rejection,Screening-level approximation; requires experimental validation.,simple,60.03205684449171,100.0,73.22611753808796,100,100,synthetic_physics
Custom Polymer,NF,218.13098767084486,16.16275907093071,22.807867045547667,6948.366041587446,0.18069990270934988,0.9557896448378298,0.27978681167725195,10000,65.32057441304426,0.023430417912657552,Custom contaminant,757.612562451784,92.41428101872819,2390.276557493288,7.675694976605031,34.396987468317285,0.001,1000.0,8.203758612070596,43.11537039895369,0.8005336611418001,5.129348319223927,11.963162170561649,34.396987468317285,2.7197041031843394,0.7,8,100.18317901647706,132.59537392296997,65.32057441304426,262.73568483289506,24.444438706679517,0.3255459769299049,2.604367815439239,69.06547478375315,Permeability model: J = A × TMP,User-provided baseline rejection,Screening-level approximation; requires experimental validation.,simple,68.75849938215185,100.0,0.0,100,100,synthetic_physics
Custom Polymer,NF,424.63606094640966,1.7870187458111082,73.28618670348067,98825.11603922003,0.43741383669436507,-0.2575189401171307,0.6058329544747134,10000,90.15442159961884,0.03983653909741543,Custom contaminant,258.1944148620008,60.71780140868468,2825.6514804774856,5.79063985455258,21.302639896870392,0.001,1000.0,19.867999368913733,9.634886095119274,0.08619848669155103,49.23164291604546,1.0702742279083755,21.302639896870392,1.8862889896207449,0.7,8,34.02253402685156,35.50448731401211,90.15442159961884,25.420733540643678,4.173988696284281,0.7884126740003228,6.307301392002582,94.04079820883845,Permeability model: J = A × TMP,User-provided baseline rejection,Screening-level approximation; requires experimental validation.,simple,94.89939115749351,100.0,79.1300565185786,100,100,synthetic_physics
Custom Polymer,MF,314.88249853832934,66.29172766844196,51.53209971511435,38682.93059982364,0.5033383090952939,0.2867715060664775,0.8034820462916507,10000,89.55826632767139,0.10139611099966743,Custom contaminant,895.290257396181,83.80252535954187,486.4134238320266,9.7400766479409,36.75226906953761,0.001,1000.0,6.554358154257605,1.9890365117449333,0.6079361872907046,37.8813182649791,18.1148165707741,36.75226906953761,5.293537668635363,0.7,8,69.22924312669072,434.4997258034771,89.55826632767139,93.48382427161454,84.06690752251409,0.2600935777579798,2.0807486220638385,77.99515075229999,Permeability model: J = A × TMP,User-provided baseline rejection,Screening-level approximation; requires experimental validation.,simple,94.27185929228568,100.0,0.0,100,100,synthetic_physics
Custom Polymer,RO,129.89683592484016,88.36985185652642,4.7312798757899595,73798.63210512957,0.30436045556600266,-0.09472039391500586,0.5310054319116085,10000,62.479059729629334,0.0995342642346611,Custom contaminant,696.5077959168974,8.50594796707751,1184.3885199691197,8.466263807237748,31.649126795233958,0.001,1000.0,10.983146209323735,39.10606421353269,0.11656844410944482,13.865845088339755,15.950998556964102,31.649126795233958,6.964005292161776,0.7,8,198.3874425007859,970.5790034365082,62.479059729629334,261.33627408445426,79.55988726333871,0.4358391356392957,3.4867130851143657,68.01860095302133,Permeability model: J = A × TMP,User-provided baseline rejection,Screening-level approximation; requires experimental validation.,simple,65.76743129434666,100.0,0.0,100,100,synthetic_physics
Custom Polymer,MF,409.11815910732446,18.922650899552448,52.16039428367941,66252.71406499045,0.2565897016803106,0.033855731187981464,0.638445024390596,10000,60.70103062273625,0.059456694486270494,Custom contaminant,224.1754220343509,90.29429044285988,786.7167575969761,4.725007755914782,11.054659345814311,0.001,1000.0,1.0900787537447334,10.38772551337403,0.6121264261938828,6.323740588334199,7.2384822317929585,11.054659345814311,0.6758522241006634,0.7,8,13.41312067773532,20.62717971013079,60.70103062273625,88.09863045663133,34.97355980688127,0.04325709343717446,0.3460567474973957,53.54113816262962,Permeability model: J = A × TMP,User-provided baseline rejection,Screening-level approximation; requires experimental validation.,simple,63.895821708143416,44.71040225911773,0.0,100,100,synthetic_physics
Custom Polymer,MF,33.80260153663023,61.14663588546197,69.15400228638251,73268.08618955447,0.2570403790523786,0.7370003239234866,0.6902881673309265,10000,52.82684594306104,0.06891117276170693,Custom contaminant,770.0789284387564,31.089392672022974,1206.520444331068,7.777622963779257,11.664426403476934,0.001,1000.0,19.345313802056765,9.549569519876666,0.03640527964979772,5.399223653031519,9.889527812485799,11.664426403476934,8.854108318206238,0.7,8,598.3800554070854,1182.900859144367,52.82684594306104,363.2705192724393,49.41418371782109,0.7676711832354373,6.141369465883498,64.4625221895488,Permeability model: J = A × TMP,User-provided baseline rejection,Screening-level approximation; requires experimental validation.,simple,55.607206255853725,100.0,0.0,100,100,synthetic_physics
Custom Polymer,UF,411.6834188167852,91.2925340267198,53.844449613561,45150.25027057885,0.37010268327475615,-0.9071638484173883,0.9095212563051536,10000,74.7591870050079,0.07098477750246897,Custom contaminant,520.0158121439761,79.41545181142004,750.9661493494355,8.25940407396954,31.323092225620986,0.001,1000.0,17.02114508871202,1.4254963247296306,0.17869158780278074,40.328513903356665,20.487699105344742,31.323092225620986,9.654656930117042,0.7,8,362.9302429219655,1553.903467184977,74.7591870050079,131.25621868765043,76.64396466149579,0.6754422659654341,5.403538127723473,72.54285837026606,Permeability model: J = A × TMP,User-provided baseline rejection,Screening-level approximation; requires experimental validation.,simple,78.69388105790306,100.0,0.0,100,100,synthetic_physics
Custom Polymer,UF,113.94564795727987,19.27388488663992,64.30495144464047,21401.88013241076,0.48716119674462033,0.6696238582878042,0.38981964846209005,10000,68.88576226812228,0.010240348849205695,Custom contaminant,261.5437326403094,69.81914596192745,1145.1346108833698,4.9497935037395315,13.173032012809813,0.001,1000.0,2.0820568873840366,33.297538222776865,0.6164952640056132,43.88907542015637,12.257671531739776,13.173032012809813,1.6160548416099287,0.7,8,35.39549406113411,40.129324774875734,68.88576226812228,81.37733874653253,11.796437493773615,0.08262130512101913,0.660970440968153,78.5825275523767,Permeability model: J = A × TMP,User-provided baseline rejection,Screening-level approximation; requires experimental validation.,simple,72.51132870328661,100.0,41.01781253113192,100,100,synthetic_physics
Custom Polymer,NF,255.29607013244276,6.933839883437611,92.6599874016661,6273.7416232593805,0.39647113642574305,-0.9988578871936555,0.7861504387832445,10000,58.29189240792794,0.13911282258414331,Custom contaminant,53.53797038195887,82.07873345644269,2004.2496571652057,5.498414313315343,16.07258827691785,0.001,1000.0,7.282023080865043,41.59174127559239,0.863336982852101,18.146403464324433,8.806028932581771,16.07258827691785,2.4511647006323134,0.7,8,14.83205822186906,50.492382070215264,58.29189240792794,22.32967428951908,70.62515648153926,0.2889691701067723,2.3117533608541785,53.836008879039774,Permeability model: J = A × TMP,User-provided baseline rejection,Screening-level approximation; requires experimental validation.,simple,61.35988674518731,49.440194072896865,0.0,100,100,synthetic_physics
Custom Polymer,NF,326.7601998891747,35.241231300318,23.313020432857076,86666.77846344664,0.6238225516324966,0.547522297392685,0.03919589118328015,10000,95.66500941663021,0.0883370648062641,Custom contaminant,508.7647766376736,1.0585346027781162,2703.2204102589035,7.2633428229160035,34.75460387021606,0.001,1000.0,13.179117022618216,40.03798706203314,0.6960024310722244,74.072292675187,5.798878378979418,34.75460387021606,2.100791036855781,0.7,8,278.27069941193685,464.4483113280468,95.66500941663021,22.054905158745502,40.085754943053274,0.5229808346492663,4.18384667719413,80.0,Permeability model: J = A × TMP,User-provided baseline rejection,Screening-level approximation; requires experimental validation.,simple,100.0,100.0,0.0,100,100,synthetic_physics
Custom Polymer,MF,359.14536535310975,50.63808525776343,60.31695586315213,70999.97568452709,0.4831997379000018,0.5753868953323924,0.31886735593585247,10000,92.86362313562464,0.020613071174212107,Custom contaminant,637.663937191575,89.01325075267977,832.8129709149434,5.961008049543477,19.163253354782167,0.001,1000.0,11.372421493145668,21.230718962692276,0.11687969214495335,71.8465416317345,5.309900785228842,19.163253354782167,5.387392108786443,0.7,8,516.1729380863403,575.8776491571316,92.86362313562464,45.50610168620458,10.367603458508334,0.4512865675493494,3.6102925403947954,88.84531032830074,Permeability model: J = A × TMP,User-provided baseline rejection,Screening-level approximation; requires experimental validation.,simple,97.75118224802594,100.0,48.16198270745833,100,100,synthetic_physics
Custom Polymer,NF,29.96840338729543,10.475520437779387,97.19728133252562,66618.97784486355,0.12349562393249885,0.5883984413059975,0.5085428092774855,10000,53.75245864671594,0.10370905421692973,Custom contaminant,504.3582878097838,20.491980111092325,2645.336589057577,5.748279149801525,18.536699063599233,0.001,1000.0,5.600916919487119,38.60533307736351,0.7090574836767268,72.7359264102768,5.889471660230574,18.536699063599233,7.885009495873803,0.7,8,31.85454056004259,58.672519660391686,53.75245864671594,233.25330772354522,45.707904237924225,0.22225860809396245,1.7780688647516996,64.8035373961585,Permeability model: J = A × TMP,User-provided baseline rejection,Screening-level approximation; requires experimental validation.,simple,56.58153541759572,100.0,0.0,100,100,synthetic_physics
Custom Polymer,NF,290.792332498767,31.559281355614115,4.509959108367314,81985.28121018545,0.2687499600593495,0.2634860724298389,0.5488679360598125,10000,50.22203197847452,0.14917982634126556,Custom contaminant,816.1860622421275,48.64712706366821,2072.989973702911,6.859565419544635,32.33758813836192,0.001,1000.0,2.859705207214103,22.871198766467487,0.34218180530213144,39.474143262052614,11.08610734221856,32.33758813836192,1.5166301028140239,0.7,8,17.266404930022464,90.25024122858464,50.22203197847452,406.28083705903424,80.86830052200045,0.11348036545642332,0.9078429236513865,52.891524661825116,Permeability model: J = A × TMP,User-provided baseline rejection,Screening-level approximation; requires experimental validation.,simple,52.86529681944686,57.554683100074875,0.0,100,100,synthetic_physics
Custom Polymer,MF,17.591149966182744,1.9972215369224855,37.97069053483212,62227.446760008344,0.22575725877044978,0.0663880078083221,0.7227719679634789,10000,54.69362439110354,0.14774124916231032,Custom contaminant,343.3336412619014,64.2415413787249,421.08758874106957,8.25691833232796,35.21369041187458,0.001,1000.0,2.284645818146323,7.167294564133245,0.28823694024335544,5.895186153149696,23.6722054169249,35.21369041187458,6.024002342031231,0.7,8,0.13815304228525985,4.562943832241729,54.69362439110354,155.55202910181814,96.97228264549146,0.09066054841166825,0.725284387293346,40.26541020564429,Permeability model: J = A × TMP,User-provided baseline rejection,Screening-level approximation; requires experimental validation.,simple,57.57223620116162,0.4605101409508662,0.0,100,100,synthetic_physics
Custom Polymer,RO,307.71883048213726,95.93725479551198,83.37089617762328,81517.17163135076,0.33765165893113797,-0.3302732130707091,0.29173795981264683,10000,67.30011851263836,0.05857877039717833,Custom contaminant,148.60365209078742,35.594786270209354,1395.56640220971,5.856084032479951,14.960409044726433,0.001,1000.0,7.593525883934253,24.564480887605356,0.7235211028004571,58.34283211060028,5.263333230458119,14.960409044726433,0.46288841216554755,0.7,8,535.216222765059,728.5020275233157,67.30011851263836,48.593218119578694,26.531951519115104,0.30133039246067755,2.4106431396854204,69.79478050465625,Permeability model: J = A × TMP,User-provided baseline rejection,Screening-level approximation; requires experimental validation.,simple,70.84223001330355,100.0,0.0,100,100,synthetic_physics
Custom Polymer,NF,86.9967893808859,40.18305944235371,97.95526579610782,18516.601405069487,0.32321176039607824,0.4502286326391447,0.5091827828619216,10000,52.19201436431191,0.02844505263339164,Custom contaminant,935.897059225464,10.316499273902846,1941.7690829081466,8.75395389304547,17.96317188174772,0.001,1000.0,14.556544462146064,9.324863772478832,0.29190277208545246,28.38665231631556,23.916222278259255,17.96317188174772,2.224265722657777,0.7,8,296.24534584825517,584.92649139768,52.19201436431191,447.43353163933705,49.353405905692895,0.577640653721877,4.621125229775016,64.22863687106228,Permeability model: J = A × TMP,User-provided baseline rejection,Screening-level approximation; requires experimental validation.,simple,54.938962488749375,100.0,0.0,100,100,synthetic_physics
Custom Polymer,UF,73.31165767045665,92.64345231065963,17.03113868821492,87988.35200312582,0.555319639352683,0.15372299614103757,0.7513387115465768,10000,86.22734796168771,0.02102629746565549,Custom contaminant,999.4714493026222,94.18897264487286,2700.116692299557,7.733734803654441,25.683739939969424,0.001,1000.0,10.818315960857031,1.7319102671833897,0.5044748069259885,51.78271757449399,15.979595906211289,25.683739939969424,3.3881807040079988,0.7,8,716.2341667888735,1002.2461388013063,86.22734796168771,137.6537249347269,28.537098916091132,0.4292982527584002,3.434386022067202,76.76797030167441,Permeability model: J = A × TMP,User-provided baseline rejection,Screening-level approximation; requires experimental validation.,simple,90.76562943335549,100.0,0.0,100,100,synthetic_physics
Custom Polymer,NF,321.79219726466147,43.40224551724299,96.251384699369,70691.48993027402,0.10089162237562335,-0.953441037035494,0.6903002034683744,10000,70.59099036752059,0.1267232876357786,Custom contaminant,181.28525539139943,1.382691405229186,1225.4388153297657,8.416384625844694,39.15183200132706,0.001,1000.0,17.696346811150896,24.719655984919804,0.814689110364403,10.274784340071054,13.948400168244758,39.15183200132706,9.250554288843254,0.7,8,131.14220603056557,768.0611890558512,70.59099036752059,53.31419822032156,82.92555229984035,0.7022359851312688,5.617887881050151,71.00720697750758,Permeability model: J = A × TMP,User-provided baseline rejection,Screening-level approximation; requires experimental validation.,simple,74.30630565002167,100.0,0.0,100,100,synthetic_physics
Custom Polymer,UF,204.22872227046258,96.04996233664845,22.847824576181424,11010.564048572654,0.46733363525719085,0.8144937439624487,0.3112792187447442,10000,89.92799993800773,0.029533603552640737,Custom contaminant,748.1146920409302,55.702694138743105,607.5492286436795,8.308523496625652,31.41268340369282,0.001,1000.0,10.405617537040118,12.047914244491057,0.14097095332254658,76.7941286344842,15.911594649090148,31.41268340369282,8.111490687376502,0.7,8,624.7100217979056,999.459172522272,89.92799993800773,75.35011224613577,37.49519350336599,0.4129213311652624,3.3033706493220993,78.13136839821337,Permeability model: J = A × TMP,User-provided baseline rejection,Screening-level approximation; requires experimental validation.,simple,94.66105256632392,100.0,0.0,100,100,synthetic_physics
Custom Polymer,NF,416.4420959442216,17.08659115514342,50.19807223015739,66878.91466497819,0.1723729299266526,-0.7000861013431834,0.6339825942509465,10000,93.34841963226563,0.10076034594653166,Custom contaminant,45.84276532151487,97.0432917090323,504.5700126281107,5.395373401314938,39.24901845714173,0.001,1000.0,15.466453333736823,46.89225733854683,0.8085534958799494,53.88008562524,7.186995473280641,39.24901845714173,3.3361262728253016,0.7,8,128.09897920317525,264.26896473366605,93.34841963226563,3.0492683781524215,51.52704392198486,0.6137481486551583,4.909985189241266,79.39152302241365,Permeability model: J = A × TMP,User-provided baseline rejection,Screening-level approximation; requires experimental validation.,simple,98.26149434975329,100.0,0.0,100,100,synthetic_physics
Custom Polymer,NF,474.16282579174117,86.20193599940882,36.58955439579032,37640.10805326003,0.30838607319311934,-0.3477397147499921,0.8606674662887857,10000,50.52429214383336,0.06822763006088108,Custom contaminant,943.4112817426287,54.263635518280886,1406.2927914173201,5.874218828197528,12.217378895857115,0.001,1000.0,4.644832264944755,5.432462086906692,0.13543243541827396,17.263740809470235,7.597691653980544,12.217378895857115,0.20906513195580106,0.7,8,238.42991317634605,400.3935336307569,50.52429214383336,466.75940963710013,40.451107935168054,0.18431874081986593,1.4745499265589275,63.6142128950965,Permeability model: J = A × TMP,User-provided baseline rejection,Screening-level approximation; requires experimental validation.,simple,53.183465414561425,100.0,0.0,100,100,synthetic_physics
Custom Polymer,MF,70.67135541171753,38.931738363599116,88.07322841176328,11103.513033980844,0.4385229762278846,0.6895671950827915,0.5569626240341401,10000,60.49614541159573,0.11164888205482429,Custom contaminant,684.5276522388327,36.21859065469243,234.25596858598792,4.047188139376564,34.76178649381515,0.001,1000.0,6.566835758869558,7.750725031689326,0.5233657139013523,74.06249717938175,0.6993003162763463,34.76178649381515,0.6558210526965033,0.7,8,236.45686741206288,255.65833164103648,60.49614541159573,270.4148083578462,7.510595921408858,0.2605887207985328,2.0847097663882623,79.77745765128431,Permeability model: J = A × TMP,User-provided baseline rejection,Screening-level approximation; requires experimental validation.,simple,63.68015306483761,100.0,62.44702039295571,100,100,synthetic_physics
Custom Polymer,RO,214.35201696668545,67.92062476875128,48.13394541793797,89806.06962730776,0.1308591888762347,-0.31971826071251286,0.35134788938872075,10000,66.97234857671845,0.07571445725789164,Custom contaminant,792.6712747426644,31.788261640281736,2259.0012992333873,4.878792827674428,26.821745669018508,0.001,1000.0,7.6267429081777935,27.42132931248296,0.11667225286852693,76.50971350706814,21.79603174484178,26.821745669018508,8.281323412477226,0.7,8,99.45705083894713,518.0131432740789,66.97234857671845,261.80070555448964,80.80028429195188,0.30264852834441225,2.421188226755298,69.67402315984364,Permeability model: J = A × TMP,User-provided baseline rejection,Screening-level approximation; requires experimental validation.,simple,70.49720902812467,100.0,0.0,100,100,synthetic_physics
Custom Polymer,RO,81.8770563889282,50.868455528946924,32.47300671689581,88794.90115976379,0.23260637774962653,-0.5601092897160553,0.6867144563550108,10000,54.43609298847464,0.11119324065291276,Custom contaminant,275.44601543098116,66.09353652671473,2631.8095804459153,7.657668239409944,16.38051199858327,0.001,1000.0,1.1734774056764887,3.1860846130582274,0.09792376319386784,48.4863434352287,8.683119569955304,16.38051199858327,2.506759076219392,0.7,8,22.730560022837256,59.692983224878475,54.43609298847464,125.50396633792406,61.920884507973874,0.046566563754574235,0.3725325100365939,58.99753603232872,Permeability model: J = A × TMP,User-provided baseline rejection,Screening-level approximation; requires experimental validation.,simple,57.30115051418383,75.76853340945752,0.0,100,100,synthetic_physics
Custom Polymer,RO,117.4602133206237,94.9095716584068,12.762841013315365,30829.033871879143,0.4300340834134353,-0.9991009478514892,0.9209531874757245,10000,54.945019678929185,0.103958237099495,Custom contaminant,632.5768223908634,80.90638551047373,1989.0244186302423,8.616324503295877,22.637458263655827,0.001,1000.0,9.87634899212214,35.38144300605655,0.5727424538445006,43.36539127000399,5.330622542281909,22.637458263655827,2.6552717819831164,0.7,8,538.5634662432823,937.36005239125,54.945019678929185,285.0073628438586,42.54465347980412,0.3919186111120325,3.13534888889626,65.2429019869739,Permeability model: J = A × TMP,User-provided baseline rejection,Screening-level approximation; requires experimental validation.,simple,57.83686281992546,100.0,0.0,100,100,synthetic_physics
Custom Polymer,MF,14.54934885751656,42.31898150844346,1.2740791006273686,56719.03587417301,0.5928201382806443,0.12429726323025281,0.6935199732048759,10000,50.000657110954755,0.013619086126224884,Custom contaminant,701.4778164667997,80.29001479567705,2181.334555579244,7.97807345532131,31.2214799143468,0.001,1000.0,14.843880530764082,36.494497420010894,0.7406283929114563,10.551478056138562,1.9868814601236808,31.2214799143468,3.6750874379714458,0.7,8,611.407640400358,628.177905694949,50.000657110954755,350.7342987458226,2.6696681214915086,0.5890428786761582,4.712343029409266,80.75162660359709,Permeability model: J = A × TMP,User-provided baseline rejection,Screening-level approximation; requires experimental validation.,simple,52.63227064311027,100.0,86.65165939254246,100,100,synthetic_physics
Custom Polymer,UF,268.5223901289099,76.49928633825104,34.13607406031024,27874.149125046664,0.6470138156829707,-0.50132629709201,0.8208413768144633,10000,58.838964131029925,0.05712366081650913,Custom contaminant,407.0648533321264,29.951044730764288,109.73505027233668,5.413055546927487,20.129606766366212,0.001,1000.0,6.409772911627923,39.49221932738315,0.056894084911108284,34.17115247414306,1.3816132061168693,20.129606766366212,9.313410904677193,0.7,8,453.1315364678631,490.34305332978954,58.838964131029925,167.55211029000696,7.588874076880037,0.2543560681252278,2.0348485450018226,79.08863902402572,Permeability model: J = A × TMP,User-provided baseline rejection,Screening-level approximation; requires experimental validation.,simple,61.93575171687361,100.0,62.05562961559982,100,100,synthetic_physics
